pH,TDS,Turbidity,Temperature,Skin_Risk,Is_Potable
6.43,942,15.62,30.6,Bacterial / Fungal Infection Risk,0
10.18,202,2.06,39.6,Eczema / Skin Barrier Damage,0
8.76,309,1.61,19.8,Eczema / Skin Barrier Damage,0
7.89,671,7.29,15.2,Safe (No Skin Risk),0
5.01,945,1.93,36.7,Acidic Irritant Contact Dermatitis,0
5.01,244,11.74,17.1,Acidic Irritant Contact Dermatitis,0
4.38,621,4.6,26.2,Acidic Irritant Contact Dermatitis,0
9.63,880,17.92,33.3,Eczema / Skin Barrier Damage,0
7.91,635,15.69,21.4,Bacterial / Fungal Infection Risk,0
8.6,289,14.02,17.3,Eczema / Skin Barrier Damage,0
4.13,914,12.38,35.8,Acidic Irritant Contact Dermatitis,0
10.3,235,17.28,32.0,Eczema / Skin Barrier Damage,0
9.41,729,4.54,41.7,Eczema / Skin Barrier Damage,0
5.38,1133,17.47,24.3,Acidic Irritant Contact Dermatitis,0
5.18,678,15.81,16.7,Acidic Irritant Contact Dermatitis,0
5.19,711,14.99,34.8,Acidic Irritant Contact Dermatitis,0
5.98,983,11.27,29.1,Bacterial / Fungal Infection Risk,0
7.41,238,5.0,20.8,Safe (No Skin Risk),1
6.81,531,8.53,36.1,Safe (No Skin Risk),0
5.89,935,15.89,20.5,Bacterial / Fungal Infection Risk,0
7.98,181,0.73,22.0,Safe (No Skin Risk),1
4.91,204,15.66,17.5,Acidic Irritant Contact Dermatitis,0
5.9,353,4.88,25.8,Safe (No Skin Risk),0
6.38,60,2.97,26.3,Safe (No Skin Risk),0
6.96,1145,2.4,28.9,Safe (No Skin Risk),0
9.1,1194,0.64,34.1,Eczema / Skin Barrier Damage,0
5.3,1023,10.52,39.5,Acidic Irritant Contact Dermatitis,0
7.34,344,4.44,18.7,Safe (No Skin Risk),1
7.85,410,19.79,16.5,Bacterial / Fungal Infection Risk,0
4.3,892,11.53,15.5,Acidic Irritant Contact Dermatitis,0
7.95,423,2.84,18.9,Safe (No Skin Risk),1
5.11,484,13.81,32.8,Acidic Irritant Contact Dermatitis,0
4.42,464,17.97,34.6,Acidic Irritant Contact Dermatitis,0
10.17,200,14.93,36.2,Eczema / Skin Barrier Damage,0
10.28,668,1.62,21.6,Eczema / Skin Barrier Damage,0
9.25,934,17.93,23.3,Eczema / Skin Barrier Damage,0
5.98,529,15.9,28.0,Bacterial / Fungal Infection Risk,0
4.63,1056,3.25,16.7,Acidic Irritant Contact Dermatitis,0
8.45,366,1.13,31.5,Safe (No Skin Risk),1
6.86,637,11.19,41.6,Pseudomonas Folliculitis (Hot Tub Rash),0
4.79,1054,3.21,24.7,Acidic Irritant Contact Dermatitis,0
7.22,328,16.71,35.3,Pseudomonas Folliculitis (Hot Tub Rash),0
4.22,632,7.23,28.5,Acidic Irritant Contact Dermatitis,0
9.91,612,18.27,18.5,Eczema / Skin Barrier Damage,0
5.68,67,11.36,30.7,Bacterial / Fungal Infection Risk,0
8.31,993,3.74,23.1,Severe Xerosis (Dry Skin Risk),0
6.03,82,2.88,15.9,Safe (No Skin Risk),0
7.38,462,11.57,32.1,Pseudomonas Folliculitis (Hot Tub Rash),0
7.55,216,15.26,38.2,Pseudomonas Folliculitis (Hot Tub Rash),0
5.2,568,15.65,24.3,Acidic Irritant Contact Dermatitis,0
10.3,1005,5.59,25.5,Eczema / Skin Barrier Damage,0
9.04,237,4.16,39.1,Eczema / Skin Barrier Damage,0
10.11,649,0.43,37.0,Eczema / Skin Barrier Damage,0
9.82,881,13.62,34.3,Eczema / Skin Barrier Damage,0
7.89,892,1.62,21.7,Safe (No Skin Risk),0
9.99,61,8.47,39.6,Eczema / Skin Barrier Damage,0
4.58,1175,12.07,19.2,Acidic Irritant Contact Dermatitis,0
5.27,1120,18.75,31.9,Acidic Irritant Contact Dermatitis,0
4.29,1129,6.3,15.8,Acidic Irritant Contact Dermatitis,0
6.11,881,5.07,32.4,Safe (No Skin Risk),0
6.53,137,13.12,22.5,Bacterial / Fungal Infection Risk,0
5.76,474,12.42,27.1,Bacterial / Fungal Infection Risk,0
9.39,676,6.71,24.3,Eczema / Skin Barrier Damage,0
6.32,1149,18.57,19.7,Bacterial / Fungal Infection Risk,0
5.83,627,16.91,31.8,Bacterial / Fungal Infection Risk,0
7.53,383,4.56,38.8,Safe (No Skin Risk),1
4.92,610,4.86,40.9,Acidic Irritant Contact Dermatitis,0
9.21,650,10.29,20.2,Eczema / Skin Barrier Damage,0
4.48,282,15.49,34.4,Acidic Irritant Contact Dermatitis,0
10.41,600,0.98,32.9,Eczema / Skin Barrier Damage,0
9.02,999,13.9,24.3,Eczema / Skin Barrier Damage,0
5.29,71,13.0,15.5,Acidic Irritant Contact Dermatitis,0
4.04,430,4.71,33.6,Acidic Irritant Contact Dermatitis,0
9.3,316,13.66,40.5,Eczema / Skin Barrier Damage,0
8.59,571,18.81,32.1,Eczema / Skin Barrier Damage,0
8.74,422,1.03,26.8,Eczema / Skin Barrier Damage,0
9.01,1131,6.46,29.2,Eczema / Skin Barrier Damage,0
4.48,923,8.82,20.4,Acidic Irritant Contact Dermatitis,0
6.33,253,18.0,35.3,Pseudomonas Folliculitis (Hot Tub Rash),0
4.75,415,19.25,35.2,Acidic Irritant Contact Dermatitis,0
9.61,783,8.94,18.9,Eczema / Skin Barrier Damage,0
8.05,252,15.03,38.7,Pseudomonas Folliculitis (Hot Tub Rash),0
6.15,118,10.68,22.3,Bacterial / Fungal Infection Risk,0
4.41,667,10.8,41.5,Acidic Irritant Contact Dermatitis,0
6.02,643,5.63,25.3,Safe (No Skin Risk),0
6.11,821,4.42,19.8,Safe (No Skin Risk),0
8.74,1040,5.83,24.5,Eczema / Skin Barrier Damage,0
8.14,719,11.17,26.9,Severe Xerosis (Dry Skin Risk),0
9.77,97,0.68,16.9,Eczema / Skin Barrier Damage,0
7.07,1089,18.15,30.6,Bacterial / Fungal Infection Risk,0
4.78,920,3.21,31.1,Acidic Irritant Contact Dermatitis,0
8.64,486,4.48,35.0,Eczema / Skin Barrier Damage,0
8.95,105,10.41,15.8,Eczema / Skin Barrier Damage,0
7.65,1107,14.23,29.6,Bacterial / Fungal Infection Risk,0
9.01,1160,2.01,16.4,Eczema / Skin Barrier Damage,0
7.21,1051,6.42,33.9,Safe (No Skin Risk),0
7.4,266,19.38,16.5,Bacterial / Fungal Infection Risk,0
6.78,813,5.32,39.6,Safe (No Skin Risk),0
4.17,718,6.33,34.0,Acidic Irritant Contact Dermatitis,0
4.7,640,16.75,28.7,Acidic Irritant Contact Dermatitis,0
4.2,418,1.1,26.9,Acidic Irritant Contact Dermatitis,0
8.14,748,9.35,18.5,Severe Xerosis (Dry Skin Risk),0
6.04,346,7.65,22.9,Safe (No Skin Risk),0
7.31,818,6.4,38.5,Safe (No Skin Risk),0
9.9,543,5.79,39.4,Eczema / Skin Barrier Damage,0
5.62,307,1.92,15.0,Safe (No Skin Risk),0
6.67,47,6.37,31.0,Safe (No Skin Risk),0
8.91,547,0.96,34.4,Eczema / Skin Barrier Damage,0
5.49,515,15.64,31.7,Acidic Irritant Contact Dermatitis,0
4.5,203,8.02,17.2,Acidic Irritant Contact Dermatitis,0
5.88,524,8.93,20.9,Safe (No Skin Risk),0
5.05,1135,17.88,21.8,Acidic Irritant Contact Dermatitis,0
10.04,606,13.2,37.5,Eczema / Skin Barrier Damage,0
9.25,944,0.26,27.5,Eczema / Skin Barrier Damage,0
8.12,598,18.87,28.1,Bacterial / Fungal Infection Risk,0
9.66,277,4.82,40.2,Eczema / Skin Barrier Damage,0
9.22,1167,2.24,32.2,Eczema / Skin Barrier Damage,0
5.21,593,15.39,39.3,Acidic Irritant Contact Dermatitis,0
9.8,867,10.06,27.3,Eczema / Skin Barrier Damage,0
7.51,507,8.73,19.0,Safe (No Skin Risk),0
9.25,425,5.07,40.1,Eczema / Skin Barrier Damage,0
9.82,814,10.99,27.4,Eczema / Skin Barrier Damage,0
6.07,887,5.56,19.9,Safe (No Skin Risk),0
4.72,426,18.04,23.2,Acidic Irritant Contact Dermatitis,0
5.48,916,4.38,16.4,Acidic Irritant Contact Dermatitis,0
6.78,298,17.7,27.6,Bacterial / Fungal Infection Risk,0
9.32,322,11.23,38.0,Eczema / Skin Barrier Damage,0
9.59,79,16.59,40.2,Eczema / Skin Barrier Damage,0
4.05,525,14.29,40.2,Acidic Irritant Contact Dermatitis,0
7.32,968,13.96,18.4,Bacterial / Fungal Infection Risk,0
6.71,259,6.55,25.3,Safe (No Skin Risk),0
5.44,1192,4.75,15.8,Acidic Irritant Contact Dermatitis,0
4.78,1054,4.3,38.1,Acidic Irritant Contact Dermatitis,0
6.19,1063,17.16,24.7,Bacterial / Fungal Infection Risk,0
10.13,652,16.43,32.0,Eczema / Skin Barrier Damage,0
6.1,967,8.87,34.3,Safe (No Skin Risk),0
7.37,727,2.73,26.6,Safe (No Skin Risk),0
8.57,652,7.71,23.3,Eczema / Skin Barrier Damage,0
6.36,299,12.42,41.0,Pseudomonas Folliculitis (Hot Tub Rash),0
10.32,1029,9.14,41.0,Eczema / Skin Barrier Damage,0
10.26,1005,15.63,22.8,Eczema / Skin Barrier Damage,0
5.64,405,19.95,27.9,Bacterial / Fungal Infection Risk,0
7.23,583,3.9,41.3,Safe (No Skin Risk),0
5.96,688,9.25,15.1,Safe (No Skin Risk),0
5.85,853,8.68,26.1,Safe (No Skin Risk),0
4.24,1079,6.16,17.7,Acidic Irritant Contact Dermatitis,0
7.96,1192,4.04,28.7,Safe (No Skin Risk),0
7.27,614,1.41,15.7,Safe (No Skin Risk),0
4.33,1172,17.75,26.0,Acidic Irritant Contact Dermatitis,0
5.81,1052,8.45,21.0,Safe (No Skin Risk),0
9.9,709,9.99,29.4,Eczema / Skin Barrier Damage,0
5.56,308,18.35,41.9,Pseudomonas Folliculitis (Hot Tub Rash),0
4.94,963,15.55,36.6,Acidic Irritant Contact Dermatitis,0
7.18,1165,2.7,37.8,Safe (No Skin Risk),0
10.41,286,11.35,32.2,Eczema / Skin Barrier Damage,0
5.57,170,8.9,16.1,Safe (No Skin Risk),0
8.37,392,15.96,20.6,Bacterial / Fungal Infection Risk,0
8.95,235,14.51,40.0,Eczema / Skin Barrier Damage,0
5.54,969,13.84,24.9,Bacterial / Fungal Infection Risk,0
8.73,1061,6.88,17.8,Eczema / Skin Barrier Damage,0
6.39,684,16.12,34.0,Pseudomonas Folliculitis (Hot Tub Rash),0
8.11,266,1.14,23.1,Safe (No Skin Risk),1
8.12,740,3.28,22.3,Severe Xerosis (Dry Skin Risk),0
7.48,304,6.78,41.9,Safe (No Skin Risk),0
4.59,685,1.63,38.2,Acidic Irritant Contact Dermatitis,0
9.43,250,4.78,26.0,Eczema / Skin Barrier Damage,0
6.09,982,16.62,41.5,Pseudomonas Folliculitis (Hot Tub Rash),0
5.21,496,18.97,32.6,Acidic Irritant Contact Dermatitis,0
4.27,764,6.16,35.0,Acidic Irritant Contact Dermatitis,0
7.84,1021,5.36,15.9,Safe (No Skin Risk),0
8.4,1194,5.67,18.3,Severe Xerosis (Dry Skin Risk),0
4.11,627,5.63,32.1,Acidic Irritant Contact Dermatitis,0
7.33,515,0.82,39.3,Safe (No Skin Risk),0
5.47,1025,18.55,31.8,Acidic Irritant Contact Dermatitis,0
8.19,195,4.35,18.6,Safe (No Skin Risk),1
5.13,229,8.46,18.1,Acidic Irritant Contact Dermatitis,0
8.49,1020,0.29,37.8,Severe Xerosis (Dry Skin Risk),0
6.51,585,17.17,18.8,Bacterial / Fungal Infection Risk,0
10.09,80,14.65,29.0,Eczema / Skin Barrier Damage,0
4.89,346,18.94,16.0,Acidic Irritant Contact Dermatitis,0
6.22,982,15.65,17.2,Bacterial / Fungal Infection Risk,0
4.74,377,6.34,33.2,Acidic Irritant Contact Dermatitis,0
10.01,1138,5.03,33.6,Eczema / Skin Barrier Damage,0
9.7,992,13.98,24.2,Eczema / Skin Barrier Damage,0
5.68,318,7.35,20.8,Safe (No Skin Risk),0
8.29,935,11.37,37.0,Severe Xerosis (Dry Skin Risk),0
9.31,312,0.22,20.9,Eczema / Skin Barrier Damage,0
7.61,876,1.33,29.6,Safe (No Skin Risk),0
7.44,659,10.75,41.1,Pseudomonas Folliculitis (Hot Tub Rash),0
5.57,901,11.36,19.0,Bacterial / Fungal Infection Risk,0
4.61,970,15.05,40.4,Acidic Irritant Contact Dermatitis,0
9.83,328,2.73,19.9,Eczema / Skin Barrier Damage,0
9.85,763,10.31,30.3,Eczema / Skin Barrier Damage,0
8.12,932,3.97,25.2,Severe Xerosis (Dry Skin Risk),0
6.2,311,1.95,41.1,Safe (No Skin Risk),0
6.27,1129,8.27,22.4,Safe (No Skin Risk),0
8.72,522,3.35,25.8,Eczema / Skin Barrier Damage,0
9.83,975,4.51,41.5,Eczema / Skin Barrier Damage,0
9.77,287,6.42,29.5,Eczema / Skin Barrier Damage,0
9.07,195,5.26,28.6,Eczema / Skin Barrier Damage,0
8.17,1110,1.84,22.0,Severe Xerosis (Dry Skin Risk),0
4.55,493,1.89,33.9,Acidic Irritant Contact Dermatitis,0
5.05,240,3.95,15.4,Acidic Irritant Contact Dermatitis,0
9.84,163,1.11,16.3,Eczema / Skin Barrier Damage,0
7.94,40,12.57,31.2,Bacterial / Fungal Infection Risk,0
4.06,1007,5.82,24.2,Acidic Irritant Contact Dermatitis,0
4.66,894,5.67,40.7,Acidic Irritant Contact Dermatitis,0
8.31,679,6.71,39.4,Severe Xerosis (Dry Skin Risk),0
4.03,230,13.29,34.3,Acidic Irritant Contact Dermatitis,0
5.05,555,17.43,37.1,Acidic Irritant Contact Dermatitis,0
7.57,481,15.21,33.0,Pseudomonas Folliculitis (Hot Tub Rash),0
8.5,182,14.58,18.4,Bacterial / Fungal Infection Risk,0
8.24,572,9.74,35.7,Safe (No Skin Risk),0
5.46,266,13.91,20.7,Acidic Irritant Contact Dermatitis,0
8.63,988,11.1,23.7,Eczema / Skin Barrier Damage,0
5.54,499,4.4,37.1,Safe (No Skin Risk),0
6.12,590,4.25,29.5,Safe (No Skin Risk),0
8.85,432,6.0,38.2,Eczema / Skin Barrier Damage,0
8.22,884,18.22,20.8,Severe Xerosis (Dry Skin Risk),0
9.52,249,10.99,31.4,Eczema / Skin Barrier Damage,0
8.27,1178,14.7,17.3,Severe Xerosis (Dry Skin Risk),0
7.69,685,7.0,32.4,Safe (No Skin Risk),0
4.61,258,8.21,35.6,Acidic Irritant Contact Dermatitis,0
6.39,446,2.6,30.8,Safe (No Skin Risk),0
5.72,927,3.51,22.2,Safe (No Skin Risk),0
5.59,597,16.56,15.8,Bacterial / Fungal Infection Risk,0
10.32,589,11.74,18.2,Eczema / Skin Barrier Damage,0
6.56,181,6.82,31.8,Safe (No Skin Risk),0
9.8,651,16.08,40.2,Eczema / Skin Barrier Damage,0
8.1,540,5.01,20.6,Safe (No Skin Risk),0
9.17,879,19.52,34.8,Eczema / Skin Barrier Damage,0
7.27,741,6.96,38.4,Safe (No Skin Risk),0
7.75,635,6.81,29.1,Safe (No Skin Risk),0
7.2,320,6.31,33.1,Safe (No Skin Risk),0
5.27,463,2.53,37.0,Acidic Irritant Contact Dermatitis,0
8.7,895,2.31,22.0,Eczema / Skin Barrier Damage,0
5.83,309,13.0,23.0,Bacterial / Fungal Infection Risk,0
4.16,193,17.51,15.0,Acidic Irritant Contact Dermatitis,0
8.2,653,15.83,41.0,Severe Xerosis (Dry Skin Risk),0
5.15,701,2.91,39.8,Acidic Irritant Contact Dermatitis,0
10.11,122,10.96,35.6,Eczema / Skin Barrier Damage,0
10.2,986,2.2,17.1,Eczema / Skin Barrier Damage,0
9.95,938,1.0,27.1,Eczema / Skin Barrier Damage,0
6.41,323,13.16,17.8,Bacterial / Fungal Infection Risk,0
4.1,1019,10.75,15.4,Acidic Irritant Contact Dermatitis,0
10.03,212,1.73,31.6,Eczema / Skin Barrier Damage,0
6.78,1126,0.8,40.9,Safe (No Skin Risk),0
10.28,1136,19.8,39.4,Eczema / Skin Barrier Damage,0
10.26,802,0.7,33.8,Eczema / Skin Barrier Damage,0
9.54,672,8.95,17.6,Eczema / Skin Barrier Damage,0
5.91,826,10.14,22.4,Bacterial / Fungal Infection Risk,0
6.5,982,2.43,23.6,Safe (No Skin Risk),0
9.53,1051,3.46,35.6,Eczema / Skin Barrier Damage,0
6.06,437,7.1,36.7,Safe (No Skin Risk),0
5.1,1183,15.26,25.4,Acidic Irritant Contact Dermatitis,0
7.62,973,10.19,26.3,Bacterial / Fungal Infection Risk,0
10.09,715,12.79,16.2,Eczema / Skin Barrier Damage,0
8.52,975,19.7,22.8,Eczema / Skin Barrier Damage,0
7.71,504,15.38,27.2,Bacterial / Fungal Infection Risk,0
4.63,325,8.74,18.2,Acidic Irritant Contact Dermatitis,0
8.0,304,8.98,27.2,Safe (No Skin Risk),0
10.44,359,12.41,38.0,Eczema / Skin Barrier Damage,0
4.91,712,13.34,30.7,Acidic Irritant Contact Dermatitis,0
7.37,859,10.06,17.1,Bacterial / Fungal Infection Risk,0
9.7,128,12.93,20.2,Eczema / Skin Barrier Damage,0
8.81,860,0.57,27.8,Eczema / Skin Barrier Damage,0
8.53,1040,8.65,24.8,Eczema / Skin Barrier Damage,0
8.57,373,5.65,24.7,Eczema / Skin Barrier Damage,0
6.34,261,2.67,29.3,Safe (No Skin Risk),0
5.91,80,2.08,30.8,Safe (No Skin Risk),0
9.26,107,12.1,36.5,Eczema / Skin Barrier Damage,0
9.27,1027,10.52,24.2,Eczema / Skin Barrier Damage,0
9.64,553,5.15,36.7,Eczema / Skin Barrier Damage,0
9.94,1190,9.47,24.1,Eczema / Skin Barrier Damage,0
7.32,734,9.9,16.5,Safe (No Skin Risk),0
7.26,1079,3.98,30.0,Safe (No Skin Risk),0
9.19,516,13.08,30.9,Eczema / Skin Barrier Damage,0
8.22,1125,15.64,40.2,Severe Xerosis (Dry Skin Risk),0
8.56,920,15.85,34.6,Eczema / Skin Barrier Damage,0
9.17,471,12.09,39.8,Eczema / Skin Barrier Damage,0
9.79,307,10.28,39.5,Eczema / Skin Barrier Damage,0
6.2,1098,1.31,31.3,Safe (No Skin Risk),0
6.44,818,5.83,29.2,Safe (No Skin Risk),0
4.61,533,1.96,30.1,Acidic Irritant Contact Dermatitis,0
7.76,700,19.28,41.4,Pseudomonas Folliculitis (Hot Tub Rash),0
4.23,1052,2.79,35.9,Acidic Irritant Contact Dermatitis,0
7.03,1098,3.12,17.9,Safe (No Skin Risk),0
7.53,1016,17.8,36.0,Pseudomonas Folliculitis (Hot Tub Rash),0
5.86,521,18.88,19.6,Bacterial / Fungal Infection Risk,0
7.84,767,15.34,27.1,Bacterial / Fungal Infection Risk,0
4.2,519,0.21,20.7,Acidic Irritant Contact Dermatitis,0
4.24,1128,0.13,33.6,Acidic Irritant Contact Dermatitis,0
9.35,1071,7.62,38.7,Eczema / Skin Barrier Damage,0
6.34,382,2.95,22.8,Safe (No Skin Risk),0
4.83,371,0.47,17.2,Acidic Irritant Contact Dermatitis,0
7.39,477,9.33,23.1,Safe (No Skin Risk),0
9.0,213,18.87,33.2,Eczema / Skin Barrier Damage,0
5.4,598,6.54,23.9,Acidic Irritant Contact Dermatitis,0
8.05,566,13.26,22.5,Bacterial / Fungal Infection Risk,0
4.55,698,13.08,20.0,Acidic Irritant Contact Dermatitis,0
4.34,65,5.1,28.4,Acidic Irritant Contact Dermatitis,0
7.45,859,13.04,22.5,Bacterial / Fungal Infection Risk,0
7.51,644,4.33,34.7,Safe (No Skin Risk),0
8.14,445,2.53,17.1,Safe (No Skin Risk),1
8.72,271,14.06,32.9,Eczema / Skin Barrier Damage,0
10.34,572,2.36,21.4,Eczema / Skin Barrier Damage,0
7.36,544,19.94,28.2,Bacterial / Fungal Infection Risk,0
6.1,218,3.75,22.7,Safe (No Skin Risk),0
9.17,171,11.92,34.5,Eczema / Skin Barrier Damage,0
5.76,387,8.29,40.5,Safe (No Skin Risk),0
6.85,579,2.62,39.8,Safe (No Skin Risk),0
4.51,811,0.65,30.8,Acidic Irritant Contact Dermatitis,0
4.16,115,12.49,27.5,Acidic Irritant Contact Dermatitis,0
10.26,618,16.15,37.1,Eczema / Skin Barrier Damage,0
9.43,893,16.86,33.4,Eczema / Skin Barrier Damage,0
8.52,233,9.71,20.0,Eczema / Skin Barrier Damage,0
6.66,386,15.57,37.2,Pseudomonas Folliculitis (Hot Tub Rash),0
5.13,990,13.49,26.6,Acidic Irritant Contact Dermatitis,0
5.02,1150,14.51,20.1,Acidic Irritant Contact Dermatitis,0
5.63,253,9.9,22.6,Safe (No Skin Risk),0
7.57,612,12.7,22.2,Bacterial / Fungal Infection Risk,0
8.64,819,16.13,29.0,Eczema / Skin Barrier Damage,0
8.29,301,8.02,21.3,Safe (No Skin Risk),0
5.82,769,16.14,18.3,Bacterial / Fungal Infection Risk,0
10.21,322,11.88,18.3,Eczema / Skin Barrier Damage,0
8.8,401,3.4,30.7,Eczema / Skin Barrier Damage,0
7.6,480,0.59,34.8,Safe (No Skin Risk),1
7.98,132,7.32,23.7,Safe (No Skin Risk),0
6.73,792,10.98,15.9,Bacterial / Fungal Infection Risk,0
5.61,906,16.81,18.4,Bacterial / Fungal Infection Risk,0
6.31,181,2.64,39.7,Safe (No Skin Risk),0
8.93,788,16.02,28.3,Eczema / Skin Barrier Damage,0
4.09,692,17.27,27.2,Acidic Irritant Contact Dermatitis,0
4.75,740,3.1,16.0,Acidic Irritant Contact Dermatitis,0
4.3,1037,17.05,34.7,Acidic Irritant Contact Dermatitis,0
4.26,88,19.83,29.3,Acidic Irritant Contact Dermatitis,0
9.56,920,14.56,20.5,Eczema / Skin Barrier Damage,0
8.57,1199,15.72,18.0,Eczema / Skin Barrier Damage,0
7.08,594,19.89,25.4,Bacterial / Fungal Infection Risk,0
4.64,443,12.15,37.6,Acidic Irritant Contact Dermatitis,0
7.2,931,6.23,38.4,Safe (No Skin Risk),0
7.08,904,16.77,31.3,Bacterial / Fungal Infection Risk,0
5.13,641,12.33,34.6,Acidic Irritant Contact Dermatitis,0
6.82,380,11.67,18.1,Bacterial / Fungal Infection Risk,0
6.59,743,5.15,30.9,Safe (No Skin Risk),0
8.0,357,15.15,33.0,Pseudomonas Folliculitis (Hot Tub Rash),0
8.13,657,1.73,20.4,Severe Xerosis (Dry Skin Risk),0
4.29,421,18.49,38.8,Acidic Irritant Contact Dermatitis,0
6.43,272,6.58,20.3,Safe (No Skin Risk),0
8.07,856,2.64,23.5,Severe Xerosis (Dry Skin Risk),0
7.27,592,8.9,31.8,Safe (No Skin Risk),0
9.57,895,0.95,32.2,Eczema / Skin Barrier Damage,0
8.28,858,13.72,33.9,Severe Xerosis (Dry Skin Risk),0
5.06,222,18.06,18.0,Acidic Irritant Contact Dermatitis,0
4.46,1104,16.76,37.9,Acidic Irritant Contact Dermatitis,0
8.18,436,2.63,29.4,Safe (No Skin Risk),1
4.17,818,2.61,27.7,Acidic Irritant Contact Dermatitis,0
7.81,946,16.29,41.5,Pseudomonas Folliculitis (Hot Tub Rash),0
10.11,166,18.49,35.0,Eczema / Skin Barrier Damage,0
7.74,40,9.27,18.2,Safe (No Skin Risk),0
6.52,58,10.03,35.4,Pseudomonas Folliculitis (Hot Tub Rash),0
8.18,623,6.43,17.6,Severe Xerosis (Dry Skin Risk),0
6.98,495,17.9,15.7,Bacterial / Fungal Infection Risk,0
7.55,996,12.93,25.9,Bacterial / Fungal Infection Risk,0
10.12,1172,5.84,41.8,Eczema / Skin Barrier Damage,0
6.51,484,6.05,19.7,Safe (No Skin Risk),0
10.25,641,17.83,33.2,Eczema / Skin Barrier Damage,0
9.88,142,0.37,19.7,Eczema / Skin Barrier Damage,0
5.27,1027,6.52,34.6,Acidic Irritant Contact Dermatitis,0
4.45,559,11.13,28.6,Acidic Irritant Contact Dermatitis,0
4.66,898,3.05,33.4,Acidic Irritant Contact Dermatitis,0
4.12,213,1.93,20.5,Acidic Irritant Contact Dermatitis,0
4.61,1044,16.32,35.1,Acidic Irritant Contact Dermatitis,0
8.44,470,17.9,41.9,Pseudomonas Folliculitis (Hot Tub Rash),0
4.46,766,16.49,33.0,Acidic Irritant Contact Dermatitis,0
6.07,889,17.99,28.3,Bacterial / Fungal Infection Risk,0
9.49,1029,11.11,39.9,Eczema / Skin Barrier Damage,0
4.15,678,16.26,15.4,Acidic Irritant Contact Dermatitis,0
9.29,459,7.74,34.7,Eczema / Skin Barrier Damage,0
5.83,633,13.36,39.0,Pseudomonas Folliculitis (Hot Tub Rash),0
4.77,524,19.78,16.7,Acidic Irritant Contact Dermatitis,0
8.53,451,4.59,27.2,Eczema / Skin Barrier Damage,0
8.09,975,7.86,20.5,Severe Xerosis (Dry Skin Risk),0
9.7,1147,9.65,30.3,Eczema / Skin Barrier Damage,0
8.78,1176,2.85,32.5,Eczema / Skin Barrier Damage,0
9.22,371,1.71,23.2,Eczema / Skin Barrier Damage,0
5.83,694,16.61,27.4,Bacterial / Fungal Infection Risk,0
5.15,80,19.54,22.5,Acidic Irritant Contact Dermatitis,0
8.88,998,8.15,25.0,Eczema / Skin Barrier Damage,0
9.24,144,1.84,19.3,Eczema / Skin Barrier Damage,0
10.44,241,1.41,38.9,Eczema / Skin Barrier Damage,0
6.68,489,17.84,15.3,Bacterial / Fungal Infection Risk,0
6.42,949,9.33,38.8,Safe (No Skin Risk),0
9.05,249,6.47,30.4,Eczema / Skin Barrier Damage,0
6.22,602,9.58,24.0,Safe (No Skin Risk),0
10.05,1181,6.43,34.5,Eczema / Skin Barrier Damage,0
9.58,752,9.83,28.7,Eczema / Skin Barrier Damage,0
6.79,810,17.21,28.5,Bacterial / Fungal Infection Risk,0
8.88,1147,11.89,18.0,Eczema / Skin Barrier Damage,0
8.9,493,13.92,25.5,Eczema / Skin Barrier Damage,0
4.67,706,7.36,21.5,Acidic Irritant Contact Dermatitis,0
9.87,668,14.8,15.4,Eczema / Skin Barrier Damage,0
7.28,426,13.37,24.7,Bacterial / Fungal Infection Risk,0
9.37,335,2.48,17.4,Eczema / Skin Barrier Damage,0
6.08,297,11.5,21.9,Bacterial / Fungal Infection Risk,0
9.82,1144,5.21,17.5,Eczema / Skin Barrier Damage,0
6.53,307,16.1,17.7,Bacterial / Fungal Infection Risk,0
4.07,458,8.58,20.4,Acidic Irritant Contact Dermatitis,0
9.88,274,19.89,42.0,Eczema / Skin Barrier Damage,0
4.59,1025,1.94,15.1,Acidic Irritant Contact Dermatitis,0
6.08,613,15.63,32.2,Pseudomonas Folliculitis (Hot Tub Rash),0
10.18,88,13.51,18.8,Eczema / Skin Barrier Damage,0
10.18,1190,15.37,39.9,Eczema / Skin Barrier Damage,0
7.73,262,6.22,17.5,Safe (No Skin Risk),0
8.11,960,9.89,40.8,Severe Xerosis (Dry Skin Risk),0
6.91,316,15.95,31.5,Bacterial / Fungal Infection Risk,0
5.91,1170,4.73,15.0,Safe (No Skin Risk),0
6.14,459,4.6,39.1,Safe (No Skin Risk),0
8.37,650,11.07,29.1,Severe Xerosis (Dry Skin Risk),0
8.89,414,10.52,22.1,Eczema / Skin Barrier Damage,0
9.15,112,5.72,35.7,Eczema / Skin Barrier Damage,0
9.13,1093,6.03,40.0,Eczema / Skin Barrier Damage,0
4.59,234,5.63,28.1,Acidic Irritant Contact Dermatitis,0
7.21,886,15.45,23.5,Bacterial / Fungal Infection Risk,0
4.37,1104,13.07,36.3,Acidic Irritant Contact Dermatitis,0
7.57,1126,16.67,33.4,Pseudomonas Folliculitis (Hot Tub Rash),0
6.87,62,19.51,39.0,Pseudomonas Folliculitis (Hot Tub Rash),0
9.77,399,9.54,33.7,Eczema / Skin Barrier Damage,0
6.28,1138,1.43,21.6,Safe (No Skin Risk),0
4.76,599,1.06,40.2,Acidic Irritant Contact Dermatitis,0
4.93,711,5.98,17.8,Acidic Irritant Contact Dermatitis,0
8.95,1181,18.66,22.2,Eczema / Skin Barrier Damage,0
8.02,718,10.51,29.0,Severe Xerosis (Dry Skin Risk),0
4.66,479,5.51,30.3,Acidic Irritant Contact Dermatitis,0
4.55,972,8.04,15.4,Acidic Irritant Contact Dermatitis,0
8.56,46,12.01,36.1,Eczema / Skin Barrier Damage,0
4.47,460,13.09,24.8,Acidic Irritant Contact Dermatitis,0
9.34,872,3.16,26.0,Eczema / Skin Barrier Damage,0
8.59,598,19.54,36.9,Eczema / Skin Barrier Damage,0
4.53,953,10.94,25.2,Acidic Irritant Contact Dermatitis,0
4.55,1046,2.8,16.3,Acidic Irritant Contact Dermatitis,0
10.41,165,17.88,19.8,Eczema / Skin Barrier Damage,0
6.43,434,1.59,40.8,Safe (No Skin Risk),0
6.41,856,18.16,16.9,Bacterial / Fungal Infection Risk,0
9.28,920,19.93,24.6,Eczema / Skin Barrier Damage,0
10.16,615,14.04,28.6,Eczema / Skin Barrier Damage,0
10.41,364,15.43,28.3,Eczema / Skin Barrier Damage,0
8.9,969,6.81,15.1,Eczema / Skin Barrier Damage,0
6.45,872,18.84,28.5,Bacterial / Fungal Infection Risk,0
4.54,1094,10.64,25.4,Acidic Irritant Contact Dermatitis,0
9.05,876,14.67,41.2,Eczema / Skin Barrier Damage,0
7.63,965,18.49,19.3,Bacterial / Fungal Infection Risk,0
6.76,482,19.51,24.6,Bacterial / Fungal Infection Risk,0
9.89,114,16.68,26.3,Eczema / Skin Barrier Damage,0
4.72,596,6.13,25.5,Acidic Irritant Contact Dermatitis,0
7.2,402,19.33,33.0,Pseudomonas Folliculitis (Hot Tub Rash),0
4.07,487,12.6,20.8,Acidic Irritant Contact Dermatitis,0
7.05,301,18.62,21.0,Bacterial / Fungal Infection Risk,0
4.37,164,13.55,34.7,Acidic Irritant Contact Dermatitis,0
4.77,950,6.21,28.5,Acidic Irritant Contact Dermatitis,0
4.76,284,7.46,26.2,Acidic Irritant Contact Dermatitis,0
8.22,581,11.05,19.6,Bacterial / Fungal Infection Risk,0
8.85,524,15.82,20.1,Eczema / Skin Barrier Damage,0
7.79,161,6.43,15.3,Safe (No Skin Risk),0
10.25,164,11.64,17.5,Eczema / Skin Barrier Damage,0
6.44,209,6.98,30.0,Safe (No Skin Risk),0
5.86,163,16.33,39.1,Pseudomonas Folliculitis (Hot Tub Rash),0
9.65,1098,9.39,22.8,Eczema / Skin Barrier Damage,0
5.45,1150,1.63,23.8,Acidic Irritant Contact Dermatitis,0
10.26,685,3.4,18.1,Eczema / Skin Barrier Damage,0
4.08,825,1.32,25.5,Acidic Irritant Contact Dermatitis,0
10.3,240,10.04,16.0,Eczema / Skin Barrier Damage,0
4.28,408,2.22,39.8,Acidic Irritant Contact Dermatitis,0
9.79,836,2.37,33.2,Eczema / Skin Barrier Damage,0
7.43,116,18.83,41.8,Pseudomonas Folliculitis (Hot Tub Rash),0
10.45,98,17.47,38.8,Eczema / Skin Barrier Damage,0
4.48,470,9.1,27.8,Acidic Irritant Contact Dermatitis,0
7.6,677,19.72,29.0,Bacterial / Fungal Infection Risk,0
10.3,148,0.1,20.1,Eczema / Skin Barrier Damage,0
7.4,1047,12.32,27.5,Bacterial / Fungal Infection Risk,0
8.09,107,12.37,39.4,Pseudomonas Folliculitis (Hot Tub Rash),0
8.52,1132,9.2,16.4,Eczema / Skin Barrier Damage,0
6.95,344,8.0,38.3,Safe (No Skin Risk),0
8.08,713,9.16,24.2,Severe Xerosis (Dry Skin Risk),0
7.8,404,8.36,39.3,Safe (No Skin Risk),0
9.86,860,14.64,40.4,Eczema / Skin Barrier Damage,0
4.3,382,2.79,33.1,Acidic Irritant Contact Dermatitis,0
5.83,986,4.03,32.9,Safe (No Skin Risk),0
10.18,938,3.69,27.2,Eczema / Skin Barrier Damage,0
9.79,1172,5.32,37.6,Eczema / Skin Barrier Damage,0
6.96,801,10.55,41.0,Pseudomonas Folliculitis (Hot Tub Rash),0
8.03,380,2.31,35.9,Safe (No Skin Risk),1
5.8,981,17.38,31.8,Bacterial / Fungal Infection Risk,0
5.22,422,6.02,31.4,Acidic Irritant Contact Dermatitis,0
7.01,1043,3.33,37.9,Safe (No Skin Risk),0
6.3,339,13.54,29.6,Bacterial / Fungal Infection Risk,0
7.79,178,0.86,36.7,Safe (No Skin Risk),1
4.51,398,12.44,28.7,Acidic Irritant Contact Dermatitis,0
10.33,875,13.99,16.7,Eczema / Skin Barrier Damage,0
10.41,522,4.38,25.4,Eczema / Skin Barrier Damage,0
8.54,948,0.94,27.0,Eczema / Skin Barrier Damage,0
7.48,1174,7.34,18.8,Safe (No Skin Risk),0
6.01,905,2.06,17.8,Safe (No Skin Risk),0
9.29,178,2.42,29.5,Eczema / Skin Barrier Damage,0
8.45,1035,5.16,17.3,Severe Xerosis (Dry Skin Risk),0
5.06,474,5.98,23.2,Acidic Irritant Contact Dermatitis,0
9.92,548,10.65,35.1,Eczema / Skin Barrier Damage,0
9.35,312,13.6,41.0,Eczema / Skin Barrier Damage,0
10.17,1162,11.9,34.4,Eczema / Skin Barrier Damage,0
8.72,143,3.05,41.8,Eczema / Skin Barrier Damage,0
7.99,801,3.52,33.9,Safe (No Skin Risk),0
6.72,826,17.59,22.9,Bacterial / Fungal Infection Risk,0
10.06,204,11.21,33.1,Eczema / Skin Barrier Damage,0
9.63,1038,17.41,34.0,Eczema / Skin Barrier Damage,0
4.29,559,7.49,25.0,Acidic Irritant Contact Dermatitis,0
4.17,556,12.33,15.5,Acidic Irritant Contact Dermatitis,0
6.45,696,10.52,34.0,Pseudomonas Folliculitis (Hot Tub Rash),0
9.27,652,6.45,15.6,Eczema / Skin Barrier Damage,0
10.42,203,9.45,32.0,Eczema / Skin Barrier Damage,0
4.98,103,10.1,19.4,Acidic Irritant Contact Dermatitis,0
7.86,1154,4.1,30.3,Safe (No Skin Risk),0
6.48,1180,6.37,28.6,Safe (No Skin Risk),0
10.3,306,15.85,15.4,Eczema / Skin Barrier Damage,0
9.47,285,18.32,24.8,Eczema / Skin Barrier Damage,0
9.45,434,7.26,31.2,Eczema / Skin Barrier Damage,0
7.05,515,6.21,37.9,Safe (No Skin Risk),0
6.7,1016,3.98,39.0,Safe (No Skin Risk),0
5.78,1083,13.6,28.1,Bacterial / Fungal Infection Risk,0
4.37,597,6.53,34.7,Acidic Irritant Contact Dermatitis,0
9.62,1057,19.76,23.5,Eczema / Skin Barrier Damage,0
9.28,922,6.58,24.2,Eczema / Skin Barrier Damage,0
10.5,186,7.94,20.3,Eczema / Skin Barrier Damage,0
10.48,705,12.11,30.2,Eczema / Skin Barrier Damage,0
7.61,659,16.05,23.5,Bacterial / Fungal Infection Risk,0
9.0,859,9.44,17.3,Eczema / Skin Barrier Damage,0
10.14,903,8.51,33.5,Eczema / Skin Barrier Damage,0
9.52,621,19.91,34.1,Eczema / Skin Barrier Damage,0
5.61,1062,0.31,24.7,Safe (No Skin Risk),0
6.93,734,17.91,17.1,Bacterial / Fungal Infection Risk,0
4.84,1165,3.07,26.5,Acidic Irritant Contact Dermatitis,0
10.2,446,15.74,26.9,Eczema / Skin Barrier Damage,0
7.94,438,12.4,33.1,Pseudomonas Folliculitis (Hot Tub Rash),0
5.49,754,6.9,23.5,Acidic Irritant Contact Dermatitis,0
8.37,743,17.49,33.4,Severe Xerosis (Dry Skin Risk),0
8.02,800,0.36,38.5,Severe Xerosis (Dry Skin Risk),0
6.33,538,4.61,21.4,Safe (No Skin Risk),0
4.74,1013,11.38,41.4,Acidic Irritant Contact Dermatitis,0
8.37,121,7.1,25.4,Safe (No Skin Risk),0
7.38,643,12.25,22.2,Bacterial / Fungal Infection Risk,0
9.02,811,0.58,26.4,Eczema / Skin Barrier Damage,0
7.38,942,2.42,17.5,Safe (No Skin Risk),0
9.54,404,2.63,18.4,Eczema / Skin Barrier Damage,0
7.59,202,3.87,26.2,Safe (No Skin Risk),1
7.65,1111,9.24,35.6,Safe (No Skin Risk),0
9.7,550,15.07,39.3,Eczema / Skin Barrier Damage,0
6.62,155,18.12,33.0,Pseudomonas Folliculitis (Hot Tub Rash),0
4.87,980,16.72,17.8,Acidic Irritant Contact Dermatitis,0
4.19,376,4.02,33.1,Acidic Irritant Contact Dermatitis,0
8.91,920,8.88,32.2,Eczema / Skin Barrier Damage,0
8.03,776,4.07,36.8,Severe Xerosis (Dry Skin Risk),0
8.58,879,5.36,37.3,Eczema / Skin Barrier Damage,0
5.38,186,10.12,38.4,Acidic Irritant Contact Dermatitis,0
4.89,482,1.46,26.2,Acidic Irritant Contact Dermatitis,0
4.09,876,4.44,33.8,Acidic Irritant Contact Dermatitis,0
6.28,1076,18.71,22.2,Bacterial / Fungal Infection Risk,0
7.83,982,9.38,42.0,Safe (No Skin Risk),0
6.55,326,8.96,19.7,Safe (No Skin Risk),0
6.84,759,0.39,15.3,Safe (No Skin Risk),0
9.88,1177,5.02,19.0,Eczema / Skin Barrier Damage,0
6.26,519,17.34,35.9,Pseudomonas Folliculitis (Hot Tub Rash),0
7.34,61,3.38,27.1,Safe (No Skin Risk),1
9.09,722,8.36,27.1,Eczema / Skin Barrier Damage,0
6.58,945,0.39,40.8,Safe (No Skin Risk),0
8.04,359,9.62,39.8,Safe (No Skin Risk),0
9.61,165,0.52,23.4,Eczema / Skin Barrier Damage,0
10.17,316,16.41,20.6,Eczema / Skin Barrier Damage,0
4.96,233,16.51,37.9,Acidic Irritant Contact Dermatitis,0
10.02,735,15.78,39.5,Eczema / Skin Barrier Damage,0
7.2,96,5.74,29.6,Safe (No Skin Risk),0
5.68,58,16.76,32.0,Bacterial / Fungal Infection Risk,0
6.98,303,10.91,21.9,Bacterial / Fungal Infection Risk,0
10.37,833,7.54,36.6,Eczema / Skin Barrier Damage,0
7.2,152,12.54,32.1,Pseudomonas Folliculitis (Hot Tub Rash),0
6.14,581,0.35,28.6,Safe (No Skin Risk),0
8.12,686,2.94,16.6,Severe Xerosis (Dry Skin Risk),0
5.56,618,14.87,39.7,Pseudomonas Folliculitis (Hot Tub Rash),0
4.49,1128,4.96,31.6,Acidic Irritant Contact Dermatitis,0
4.84,64,12.0,20.2,Acidic Irritant Contact Dermatitis,0
4.83,40,7.76,31.4,Acidic Irritant Contact Dermatitis,0
4.99,950,17.11,33.3,Acidic Irritant Contact Dermatitis,0
4.9,180,19.05,29.2,Acidic Irritant Contact Dermatitis,0
8.17,687,17.68,34.4,Severe Xerosis (Dry Skin Risk),0
5.18,227,5.49,30.7,Acidic Irritant Contact Dermatitis,0
6.25,1191,3.96,40.6,Safe (No Skin Risk),0
9.83,240,9.54,16.4,Eczema / Skin Barrier Damage,0
7.08,1190,0.25,17.9,Safe (No Skin Risk),0
8.34,296,0.61,19.7,Safe (No Skin Risk),1
5.12,586,11.11,33.6,Acidic Irritant Contact Dermatitis,0
5.25,233,10.46,32.4,Acidic Irritant Contact Dermatitis,0
4.27,742,19.89,39.1,Acidic Irritant Contact Dermatitis,0
5.1,1167,4.12,34.8,Acidic Irritant Contact Dermatitis,0
5.81,841,5.24,28.7,Safe (No Skin Risk),0
5.15,981,2.36,41.8,Acidic Irritant Contact Dermatitis,0
4.58,453,18.36,22.2,Acidic Irritant Contact Dermatitis,0
4.78,1138,15.58,37.5,Acidic Irritant Contact Dermatitis,0
7.0,949,16.46,26.5,Bacterial / Fungal Infection Risk,0
5.34,227,18.06,32.5,Acidic Irritant Contact Dermatitis,0
6.37,84,10.55,34.6,Pseudomonas Folliculitis (Hot Tub Rash),0
7.27,122,9.08,32.1,Safe (No Skin Risk),0
8.49,1186,6.67,18.8,Severe Xerosis (Dry Skin Risk),0
4.26,397,11.83,27.0,Acidic Irritant Contact Dermatitis,0
9.2,1129,9.14,30.2,Eczema / Skin Barrier Damage,0
8.08,975,9.09,37.9,Severe Xerosis (Dry Skin Risk),0
4.53,414,18.74,27.0,Acidic Irritant Contact Dermatitis,0
9.68,201,19.68,39.8,Eczema / Skin Barrier Damage,0
9.99,361,15.95,26.9,Eczema / Skin Barrier Damage,0
4.4,489,15.16,29.8,Acidic Irritant Contact Dermatitis,0
5.8,1076,13.64,36.5,Pseudomonas Folliculitis (Hot Tub Rash),0
9.24,223,3.4,30.7,Eczema / Skin Barrier Damage,0
8.86,150,1.28,40.9,Eczema / Skin Barrier Damage,0
5.2,547,13.85,32.8,Acidic Irritant Contact Dermatitis,0
5.36,334,14.6,29.1,Acidic Irritant Contact Dermatitis,0
6.41,943,1.03,15.6,Safe (No Skin Risk),0
7.15,1013,18.57,26.2,Bacterial / Fungal Infection Risk,0
8.02,671,1.91,23.1,Severe Xerosis (Dry Skin Risk),0
6.4,1090,5.79,35.2,Safe (No Skin Risk),0
7.01,772,13.48,20.6,Bacterial / Fungal Infection Risk,0
8.86,360,3.48,20.5,Eczema / Skin Barrier Damage,0
4.24,952,1.2,20.1,Acidic Irritant Contact Dermatitis,0
5.64,476,6.69,18.4,Safe (No Skin Risk),0
8.64,820,15.34,23.4,Eczema / Skin Barrier Damage,0
9.82,1116,8.33,38.9,Eczema / Skin Barrier Damage,0
7.33,765,13.09,35.9,Pseudomonas Folliculitis (Hot Tub Rash),0
7.46,70,11.63,34.9,Pseudomonas Folliculitis (Hot Tub Rash),0
4.7,376,0.54,36.5,Acidic Irritant Contact Dermatitis,0
6.91,222,19.77,22.3,Bacterial / Fungal Infection Risk,0
7.46,1086,0.92,39.0,Safe (No Skin Risk),0
5.58,583,19.36,18.7,Bacterial / Fungal Infection Risk,0
5.75,1137,11.04,24.1,Bacterial / Fungal Infection Risk,0
6.45,1073,19.27,30.8,Bacterial / Fungal Infection Risk,0
4.13,699,2.38,17.8,Acidic Irritant Contact Dermatitis,0
6.09,199,9.86,34.7,Safe (No Skin Risk),0
5.37,1077,3.47,25.5,Acidic Irritant Contact Dermatitis,0
6.13,451,1.11,36.2,Safe (No Skin Risk),0
4.78,1051,12.39,28.3,Acidic Irritant Contact Dermatitis,0
9.79,92,4.23,19.9,Eczema / Skin Barrier Damage,0
7.86,447,11.8,34.8,Pseudomonas Folliculitis (Hot Tub Rash),0
8.41,886,2.34,21.8,Severe Xerosis (Dry Skin Risk),0
9.13,1085,6.71,28.3,Eczema / Skin Barrier Damage,0
7.24,1093,15.65,17.0,Bacterial / Fungal Infection Risk,0
4.56,742,8.8,31.7,Acidic Irritant Contact Dermatitis,0
7.49,299,12.59,33.0,Pseudomonas Folliculitis (Hot Tub Rash),0
7.81,1122,12.98,25.2,Bacterial / Fungal Infection Risk,0
8.85,815,16.89,40.8,Eczema / Skin Barrier Damage,0
6.81,1075,6.57,38.6,Safe (No Skin Risk),0
4.83,889,13.78,34.1,Acidic Irritant Contact Dermatitis,0
5.84,393,19.24,34.3,Pseudomonas Folliculitis (Hot Tub Rash),0
6.36,1138,14.63,21.8,Bacterial / Fungal Infection Risk,0
8.2,912,9.85,32.7,Severe Xerosis (Dry Skin Risk),0
7.71,1030,12.65,20.4,Bacterial / Fungal Infection Risk,0
6.31,1057,14.82,18.9,Bacterial / Fungal Infection Risk,0
10.41,1159,12.28,42.0,Eczema / Skin Barrier Damage,0
7.94,333,0.43,31.8,Safe (No Skin Risk),1
5.54,248,3.98,26.6,Safe (No Skin Risk),0
4.66,1151,16.23,22.8,Acidic Irritant Contact Dermatitis,0
4.99,857,5.53,31.3,Acidic Irritant Contact Dermatitis,0
5.6,429,14.66,16.3,Bacterial / Fungal Infection Risk,0
5.04,364,7.51,17.6,Acidic Irritant Contact Dermatitis,0
5.21,979,10.49,15.9,Acidic Irritant Contact Dermatitis,0
5.85,928,1.45,28.5,Safe (No Skin Risk),0
5.13,707,3.71,31.2,Acidic Irritant Contact Dermatitis,0
9.83,672,19.15,16.7,Eczema / Skin Barrier Damage,0
4.52,616,17.81,34.5,Acidic Irritant Contact Dermatitis,0
7.41,176,13.08,21.2,Bacterial / Fungal Infection Risk,0
6.67,467,9.25,33.5,Safe (No Skin Risk),0
10.39,651,13.55,41.5,Eczema / Skin Barrier Damage,0
4.73,950,12.41,33.7,Acidic Irritant Contact Dermatitis,0
6.59,858,11.41,38.8,Pseudomonas Folliculitis (Hot Tub Rash),0
10.3,180,1.28,40.6,Eczema / Skin Barrier Damage,0
9.63,1146,12.69,28.1,Eczema / Skin Barrier Damage,0
9.31,216,15.4,34.0,Eczema / Skin Barrier Damage,0
5.68,237,19.88,38.0,Pseudomonas Folliculitis (Hot Tub Rash),0
5.11,663,0.32,24.6,Acidic Irritant Contact Dermatitis,0
8.35,730,14.63,22.1,Severe Xerosis (Dry Skin Risk),0
10.04,440,11.48,40.6,Eczema / Skin Barrier Damage,0
7.62,510,8.74,34.6,Safe (No Skin Risk),0
7.72,257,2.64,20.9,Safe (No Skin Risk),1
5.82,968,8.24,27.1,Safe (No Skin Risk),0
9.0,671,7.15,36.5,Eczema / Skin Barrier Damage,0
5.22,990,6.13,29.8,Acidic Irritant Contact Dermatitis,0
6.1,945,14.64,32.5,Pseudomonas Folliculitis (Hot Tub Rash),0
6.77,214,14.04,35.4,Pseudomonas Folliculitis (Hot Tub Rash),0
7.3,62,11.82,31.8,Bacterial / Fungal Infection Risk,0
5.58,274,18.78,29.6,Bacterial / Fungal Infection Risk,0
4.75,1076,7.06,35.2,Acidic Irritant Contact Dermatitis,0
7.97,1164,4.95,34.6,Safe (No Skin Risk),0
5.88,968,13.15,32.0,Bacterial / Fungal Infection Risk,0
7.78,562,4.06,24.7,Safe (No Skin Risk),0
5.0,470,6.37,26.0,Acidic Irritant Contact Dermatitis,0
7.13,832,4.57,41.2,Safe (No Skin Risk),0
7.46,572,1.48,18.0,Safe (No Skin Risk),0
4.34,1018,16.57,22.2,Acidic Irritant Contact Dermatitis,0
6.19,849,5.17,28.3,Safe (No Skin Risk),0
4.87,952,9.51,37.6,Acidic Irritant Contact Dermatitis,0
4.41,1164,0.96,19.4,Acidic Irritant Contact Dermatitis,0
10.43,910,14.02,22.5,Eczema / Skin Barrier Damage,0
6.1,579,6.68,16.8,Safe (No Skin Risk),0
9.26,1063,14.92,34.1,Eczema / Skin Barrier Damage,0
5.66,266,8.31,21.4,Safe (No Skin Risk),0
8.43,912,4.0,25.5,Severe Xerosis (Dry Skin Risk),0
8.94,931,10.31,27.0,Eczema / Skin Barrier Damage,0
7.87,1076,2.7,39.1,Safe (No Skin Risk),0
7.07,249,8.87,26.1,Safe (No Skin Risk),0
6.68,780,6.41,18.9,Safe (No Skin Risk),0
6.27,436,18.25,29.2,Bacterial / Fungal Infection Risk,0
10.04,1163,1.31,41.0,Eczema / Skin Barrier Damage,0
9.4,70,13.91,31.4,Eczema / Skin Barrier Damage,0
10.27,937,3.74,41.6,Eczema / Skin Barrier Damage,0
4.81,688,6.45,37.7,Acidic Irritant Contact Dermatitis,0
8.75,368,8.37,16.0,Eczema / Skin Barrier Damage,0
10.1,991,18.17,32.8,Eczema / Skin Barrier Damage,0
5.18,1163,4.93,22.7,Acidic Irritant Contact Dermatitis,0
4.43,660,1.92,30.1,Acidic Irritant Contact Dermatitis,0
8.82,201,6.44,22.5,Eczema / Skin Barrier Damage,0
7.73,815,2.18,24.4,Safe (No Skin Risk),0
9.47,313,2.66,39.9,Eczema / Skin Barrier Damage,0
4.91,1066,11.52,20.6,Acidic Irritant Contact Dermatitis,0
9.17,1091,1.31,38.6,Eczema / Skin Barrier Damage,0
5.31,365,0.72,15.8,Acidic Irritant Contact Dermatitis,0
5.06,979,14.32,17.5,Acidic Irritant Contact Dermatitis,0
5.07,579,7.3,38.1,Acidic Irritant Contact Dermatitis,0
9.29,527,2.59,32.0,Eczema / Skin Barrier Damage,0
8.32,861,5.15,35.2,Severe Xerosis (Dry Skin Risk),0
7.4,1128,12.88,20.7,Bacterial / Fungal Infection Risk,0
6.33,395,5.58,29.5,Safe (No Skin Risk),0
9.7,274,9.94,34.9,Eczema / Skin Barrier Damage,0
6.55,266,2.52,31.9,Safe (No Skin Risk),1
9.31,88,11.8,27.7,Eczema / Skin Barrier Damage,0
6.85,157,6.39,40.9,Safe (No Skin Risk),0
6.45,93,12.58,33.3,Pseudomonas Folliculitis (Hot Tub Rash),0
7.01,604,16.19,39.5,Pseudomonas Folliculitis (Hot Tub Rash),0
5.96,1107,12.27,34.7,Pseudomonas Folliculitis (Hot Tub Rash),0
8.86,92,5.99,34.9,Eczema / Skin Barrier Damage,0
7.27,597,5.19,17.2,Safe (No Skin Risk),0
5.51,1165,6.62,24.7,Safe (No Skin Risk),0
9.85,907,3.38,38.2,Eczema / Skin Barrier Damage,0
6.5,437,3.71,21.3,Safe (No Skin Risk),1
7.53,714,15.83,18.1,Bacterial / Fungal Infection Risk,0
9.89,426,7.76,23.8,Eczema / Skin Barrier Damage,0
8.06,150,8.78,21.0,Safe (No Skin Risk),0
4.76,653,11.92,40.0,Acidic Irritant Contact Dermatitis,0
10.11,56,11.83,38.4,Eczema / Skin Barrier Damage,0
8.08,923,1.44,28.5,Severe Xerosis (Dry Skin Risk),0
6.18,580,16.65,16.7,Bacterial / Fungal Infection Risk,0
4.91,210,3.63,34.3,Acidic Irritant Contact Dermatitis,0
9.16,448,14.49,31.8,Eczema / Skin Barrier Damage,0
8.03,779,15.48,41.2,Severe Xerosis (Dry Skin Risk),0
7.47,897,14.33,30.1,Bacterial / Fungal Infection Risk,0
9.81,269,11.62,24.1,Eczema / Skin Barrier Damage,0
9.13,158,0.39,29.0,Eczema / Skin Barrier Damage,0
4.99,823,7.27,41.4,Acidic Irritant Contact Dermatitis,0
6.03,504,12.14,33.8,Pseudomonas Folliculitis (Hot Tub Rash),0
5.62,143,7.81,33.1,Safe (No Skin Risk),0
8.84,737,17.28,21.5,Eczema / Skin Barrier Damage,0
4.22,214,6.25,35.1,Acidic Irritant Contact Dermatitis,0
7.7,784,5.94,35.3,Safe (No Skin Risk),0
8.96,1197,5.39,23.6,Eczema / Skin Barrier Damage,0
9.7,704,6.72,28.1,Eczema / Skin Barrier Damage,0
6.22,72,11.19,23.0,Bacterial / Fungal Infection Risk,0
9.34,94,14.17,22.0,Eczema / Skin Barrier Damage,0
4.72,558,13.29,15.7,Acidic Irritant Contact Dermatitis,0
9.5,795,16.17,22.7,Eczema / Skin Barrier Damage,0
4.83,51,17.73,30.0,Acidic Irritant Contact Dermatitis,0
6.58,759,16.34,15.0,Bacterial / Fungal Infection Risk,0
9.18,594,0.48,22.6,Eczema / Skin Barrier Damage,0
4.97,412,14.74,38.8,Acidic Irritant Contact Dermatitis,0
5.49,523,4.25,31.0,Acidic Irritant Contact Dermatitis,0
8.69,1012,2.75,31.4,Eczema / Skin Barrier Damage,0
8.68,662,12.81,25.9,Eczema / Skin Barrier Damage,0
8.17,346,6.46,33.3,Safe (No Skin Risk),0
8.51,496,1.24,20.1,Eczema / Skin Barrier Damage,0
7.53,199,2.84,37.1,Safe (No Skin Risk),1
5.64,370,0.12,18.2,Safe (No Skin Risk),0
6.25,815,18.07,32.7,Pseudomonas Folliculitis (Hot Tub Rash),0
5.18,264,0.59,24.2,Acidic Irritant Contact Dermatitis,0
9.9,1022,4.27,35.2,Eczema / Skin Barrier Damage,0
7.79,768,8.38,29.8,Safe (No Skin Risk),0
6.61,1108,7.2,27.2,Safe (No Skin Risk),0
7.0,1122,18.24,19.6,Bacterial / Fungal Infection Risk,0
10.16,683,0.9,32.2,Eczema / Skin Barrier Damage,0
5.0,655,10.29,41.3,Acidic Irritant Contact Dermatitis,0
7.81,234,13.64,37.3,Pseudomonas Folliculitis (Hot Tub Rash),0
7.29,528,18.64,16.6,Bacterial / Fungal Infection Risk,0
7.97,196,12.45,25.2,Bacterial / Fungal Infection Risk,0
4.12,649,16.09,40.0,Acidic Irritant Contact Dermatitis,0
9.67,451,1.77,28.6,Eczema / Skin Barrier Damage,0
10.06,1142,7.78,32.9,Eczema / Skin Barrier Damage,0
7.67,1187,7.54,39.6,Safe (No Skin Risk),0
8.53,510,17.74,38.6,Eczema / Skin Barrier Damage,0
10.0,555,3.11,28.5,Eczema / Skin Barrier Damage,0
8.6,1167,3.12,26.8,Eczema / Skin Barrier Damage,0
4.99,432,6.64,24.2,Acidic Irritant Contact Dermatitis,0
7.75,670,1.18,34.4,Safe (No Skin Risk),0
7.94,647,3.73,22.7,Safe (No Skin Risk),0
6.76,1019,19.31,21.7,Bacterial / Fungal Infection Risk,0
8.79,473,8.62,24.6,Eczema / Skin Barrier Damage,0
10.07,579,12.68,19.8,Eczema / Skin Barrier Damage,0
10.02,317,14.55,33.8,Eczema / Skin Barrier Damage,0
6.93,272,7.4,31.6,Safe (No Skin Risk),0
4.74,1153,3.03,28.0,Acidic Irritant Contact Dermatitis,0
10.4,401,4.21,25.5,Eczema / Skin Barrier Damage,0
9.45,65,6.33,39.5,Eczema / Skin Barrier Damage,0
4.81,1088,12.76,15.8,Acidic Irritant Contact Dermatitis,0
9.99,546,8.03,35.8,Eczema / Skin Barrier Damage,0
9.65,306,0.24,39.4,Eczema / Skin Barrier Damage,0
7.37,500,10.52,27.1,Bacterial / Fungal Infection Risk,0
7.84,495,18.44,29.9,Bacterial / Fungal Infection Risk,0
6.59,1131,16.26,40.5,Pseudomonas Folliculitis (Hot Tub Rash),0
4.36,1046,16.52,20.7,Acidic Irritant Contact Dermatitis,0
6.18,902,15.92,29.0,Bacterial / Fungal Infection Risk,0
9.22,530,6.54,27.8,Eczema / Skin Barrier Damage,0
4.03,1112,15.33,22.0,Acidic Irritant Contact Dermatitis,0
6.17,603,2.95,37.1,Safe (No Skin Risk),0
6.59,1165,13.19,39.3,Pseudomonas Folliculitis (Hot Tub Rash),0
7.49,255,12.87,36.1,Pseudomonas Folliculitis (Hot Tub Rash),0
9.98,598,0.61,20.3,Eczema / Skin Barrier Damage,0
6.25,198,15.78,17.3,Bacterial / Fungal Infection Risk,0
6.26,528,18.07,31.3,Bacterial / Fungal Infection Risk,0
8.79,725,5.42,16.5,Eczema / Skin Barrier Damage,0
6.94,833,16.27,33.2,Pseudomonas Folliculitis (Hot Tub Rash),0
5.46,44,1.74,29.3,Acidic Irritant Contact Dermatitis,0
6.94,400,12.04,32.9,Pseudomonas Folliculitis (Hot Tub Rash),0
4.92,498,9.76,30.9,Acidic Irritant Contact Dermatitis,0
5.15,287,10.96,26.4,Acidic Irritant Contact Dermatitis,0
7.24,985,18.53,20.4,Bacterial / Fungal Infection Risk,0
6.72,461,17.44,23.3,Bacterial / Fungal Infection Risk,0
9.95,54,15.72,29.2,Eczema / Skin Barrier Damage,0
6.36,775,5.55,32.6,Safe (No Skin Risk),0
7.77,1185,18.25,36.0,Pseudomonas Folliculitis (Hot Tub Rash),0
8.11,316,2.04,35.7,Safe (No Skin Risk),1
4.09,492,17.08,41.3,Acidic Irritant Contact Dermatitis,0
8.31,637,6.63,22.7,Severe Xerosis (Dry Skin Risk),0
5.16,485,1.17,16.9,Acidic Irritant Contact Dermatitis,0
10.25,249,13.42,24.3,Eczema / Skin Barrier Damage,0
4.97,753,4.7,35.1,Acidic Irritant Contact Dermatitis,0
6.7,341,4.95,26.8,Safe (No Skin Risk),1
4.55,42,6.19,37.1,Acidic Irritant Contact Dermatitis,0
10.48,1029,1.37,29.8,Eczema / Skin Barrier Damage,0
7.26,1156,3.62,40.1,Safe (No Skin Risk),0
7.87,559,0.2,40.6,Safe (No Skin Risk),0
4.44,532,8.96,16.9,Acidic Irritant Contact Dermatitis,0
8.87,659,1.78,27.3,Eczema / Skin Barrier Damage,0
5.36,370,13.68,31.5,Acidic Irritant Contact Dermatitis,0
9.84,372,4.79,21.9,Eczema / Skin Barrier Damage,0
5.33,89,18.88,26.0,Acidic Irritant Contact Dermatitis,0
5.24,902,17.44,33.3,Acidic Irritant Contact Dermatitis,0
4.24,311,5.86,21.1,Acidic Irritant Contact Dermatitis,0
7.07,619,15.69,31.3,Bacterial / Fungal Infection Risk,0
7.67,599,16.08,33.8,Pseudomonas Folliculitis (Hot Tub Rash),0
4.43,735,19.73,17.4,Acidic Irritant Contact Dermatitis,0
9.04,1153,12.0,28.4,Eczema / Skin Barrier Damage,0
6.95,485,1.73,22.1,Safe (No Skin Risk),1
7.41,1056,12.97,34.6,Pseudomonas Folliculitis (Hot Tub Rash),0
6.86,396,12.54,20.1,Bacterial / Fungal Infection Risk,0
6.6,313,12.8,39.1,Pseudomonas Folliculitis (Hot Tub Rash),0
7.64,1082,6.21,26.6,Safe (No Skin Risk),0
5.01,350,17.21,20.3,Acidic Irritant Contact Dermatitis,0
5.18,909,19.19,26.8,Acidic Irritant Contact Dermatitis,0
9.6,925,4.43,26.0,Eczema / Skin Barrier Damage,0
10.15,193,1.85,26.6,Eczema / Skin Barrier Damage,0
6.43,659,3.97,30.8,Safe (No Skin Risk),0
5.76,922,16.43,29.1,Bacterial / Fungal Infection Risk,0
8.19,836,13.57,19.0,Severe Xerosis (Dry Skin Risk),0
6.66,164,12.76,16.8,Bacterial / Fungal Infection Risk,0
4.17,658,8.1,34.7,Acidic Irritant Contact Dermatitis,0
5.01,284,11.6,30.1,Acidic Irritant Contact Dermatitis,0
8.65,887,6.23,24.7,Eczema / Skin Barrier Damage,0
8.28,489,9.6,36.8,Safe (No Skin Risk),0
4.18,969,15.88,25.5,Acidic Irritant Contact Dermatitis,0
5.44,559,19.63,36.5,Acidic Irritant Contact Dermatitis,0
5.5,401,18.66,23.3,Bacterial / Fungal Infection Risk,0
8.37,47,18.68,17.0,Bacterial / Fungal Infection Risk,0
4.13,517,8.1,40.2,Acidic Irritant Contact Dermatitis,0
4.68,534,9.43,25.7,Acidic Irritant Contact Dermatitis,0
9.2,872,14.14,36.4,Eczema / Skin Barrier Damage,0
5.16,1102,18.45,22.5,Acidic Irritant Contact Dermatitis,0
8.24,632,2.93,32.5,Severe Xerosis (Dry Skin Risk),0
5.55,226,6.15,38.6,Safe (No Skin Risk),0
4.65,793,2.87,16.1,Acidic Irritant Contact Dermatitis,0
5.58,132,12.28,37.4,Pseudomonas Folliculitis (Hot Tub Rash),0
8.69,125,6.2,30.4,Eczema / Skin Barrier Damage,0
9.56,1107,6.59,31.4,Eczema / Skin Barrier Damage,0
9.4,176,1.51,29.1,Eczema / Skin Barrier Damage,0
6.58,460,7.06,38.6,Safe (No Skin Risk),0
8.34,113,17.26,16.2,Bacterial / Fungal Infection Risk,0
5.33,210,4.74,22.0,Acidic Irritant Contact Dermatitis,0
5.91,209,13.93,38.6,Pseudomonas Folliculitis (Hot Tub Rash),0
9.83,911,12.63,35.3,Eczema / Skin Barrier Damage,0
4.08,361,17.28,15.5,Acidic Irritant Contact Dermatitis,0
4.56,495,2.73,29.0,Acidic Irritant Contact Dermatitis,0
5.35,983,19.55,29.3,Acidic Irritant Contact Dermatitis,0
4.17,829,11.69,25.8,Acidic Irritant Contact Dermatitis,0
5.18,652,19.91,23.0,Acidic Irritant Contact Dermatitis,0
7.79,928,18.24,33.4,Pseudomonas Folliculitis (Hot Tub Rash),0
6.74,388,4.51,20.6,Safe (No Skin Risk),1
9.8,49,1.22,36.6,Eczema / Skin Barrier Damage,0
9.31,779,5.19,36.7,Eczema / Skin Barrier Damage,0
6.22,706,10.6,26.2,Bacterial / Fungal Infection Risk,0
5.69,585,3.51,22.7,Safe (No Skin Risk),0
6.47,168,3.43,22.7,Safe (No Skin Risk),0
7.84,640,9.31,28.0,Safe (No Skin Risk),0
5.74,644,0.76,34.4,Safe (No Skin Risk),0
8.06,366,2.53,24.7,Safe (No Skin Risk),1
6.66,1019,8.38,31.5,Safe (No Skin Risk),0
7.59,443,1.36,25.3,Safe (No Skin Risk),1
6.83,668,8.0,23.2,Safe (No Skin Risk),0
5.91,757,9.53,15.7,Safe (No Skin Risk),0
10.16,1080,9.08,15.1,Eczema / Skin Barrier Damage,0
8.96,313,17.4,21.1,Eczema / Skin Barrier Damage,0
4.91,724,10.65,26.0,Acidic Irritant Contact Dermatitis,0
9.65,155,9.41,38.0,Eczema / Skin Barrier Damage,0
7.17,900,8.27,36.6,Safe (No Skin Risk),0
9.81,732,16.37,22.2,Eczema / Skin Barrier Damage,0
9.2,1154,17.91,21.6,Eczema / Skin Barrier Damage,0
6.76,1145,17.08,21.1,Bacterial / Fungal Infection Risk,0
4.15,363,13.5,24.2,Acidic Irritant Contact Dermatitis,0
5.75,1000,2.83,28.5,Safe (No Skin Risk),0
7.52,153,5.61,26.8,Safe (No Skin Risk),0
8.12,1121,1.02,20.9,Severe Xerosis (Dry Skin Risk),0
5.68,193,18.62,18.5,Bacterial / Fungal Infection Risk,0
4.91,354,13.25,15.3,Acidic Irritant Contact Dermatitis,0
9.43,1104,14.95,19.2,Eczema / Skin Barrier Damage,0
10.4,144,6.3,34.0,Eczema / Skin Barrier Damage,0
7.42,393,16.93,21.6,Bacterial / Fungal Infection Risk,0
5.12,1055,5.27,27.7,Acidic Irritant Contact Dermatitis,0
5.77,772,0.13,31.0,Safe (No Skin Risk),0
4.12,748,7.59,38.9,Acidic Irritant Contact Dermatitis,0
9.94,690,11.46,39.0,Eczema / Skin Barrier Damage,0
4.77,863,9.63,35.1,Acidic Irritant Contact Dermatitis,0
7.75,986,17.26,15.9,Bacterial / Fungal Infection Risk,0
5.78,700,2.2,30.5,Safe (No Skin Risk),0
7.6,138,11.12,36.2,Pseudomonas Folliculitis (Hot Tub Rash),0
8.23,627,10.31,15.5,Severe Xerosis (Dry Skin Risk),0
9.39,321,5.7,29.8,Eczema / Skin Barrier Damage,0
5.34,442,16.46,38.2,Acidic Irritant Contact Dermatitis,0
4.07,1172,15.08,27.8,Acidic Irritant Contact Dermatitis,0
4.89,739,14.68,15.1,Acidic Irritant Contact Dermatitis,0
9.85,238,17.54,15.3,Eczema / Skin Barrier Damage,0
9.68,366,14.48,26.2,Eczema / Skin Barrier Damage,0
7.88,193,4.71,19.2,Safe (No Skin Risk),1
7.9,591,14.14,32.9,Pseudomonas Folliculitis (Hot Tub Rash),0
8.32,444,6.22,34.1,Safe (No Skin Risk),0
5.14,501,4.92,19.8,Acidic Irritant Contact Dermatitis,0
9.94,171,1.55,39.0,Eczema / Skin Barrier Damage,0
6.72,830,14.91,26.9,Bacterial / Fungal Infection Risk,0
6.49,913,14.25,18.9,Bacterial / Fungal Infection Risk,0
7.37,123,4.77,35.6,Safe (No Skin Risk),1
4.31,793,15.01,36.3,Acidic Irritant Contact Dermatitis,0
5.08,667,18.37,32.3,Acidic Irritant Contact Dermatitis,0
8.8,1172,2.25,38.0,Eczema / Skin Barrier Damage,0
4.54,260,4.73,34.9,Acidic Irritant Contact Dermatitis,0
7.92,592,15.03,38.8,Pseudomonas Folliculitis (Hot Tub Rash),0
5.59,151,5.56,26.7,Safe (No Skin Risk),0
6.53,654,12.53,35.2,Pseudomonas Folliculitis (Hot Tub Rash),0
5.88,963,1.72,42.0,Safe (No Skin Risk),0
6.31,514,9.1,34.6,Safe (No Skin Risk),0
8.67,875,14.81,18.1,Eczema / Skin Barrier Damage,0
5.93,310,13.76,29.0,Bacterial / Fungal Infection Risk,0
7.68,460,16.32,30.9,Bacterial / Fungal Infection Risk,0
7.09,746,17.56,19.7,Bacterial / Fungal Infection Risk,0
8.31,79,15.49,41.0,Pseudomonas Folliculitis (Hot Tub Rash),0
10.09,228,13.46,19.7,Eczema / Skin Barrier Damage,0
8.76,1033,0.73,19.8,Eczema / Skin Barrier Damage,0
5.4,575,10.75,39.7,Acidic Irritant Contact Dermatitis,0
4.2,1067,0.85,27.6,Acidic Irritant Contact Dermatitis,0
5.7,329,16.18,16.7,Bacterial / Fungal Infection Risk,0
7.87,472,6.48,31.2,Safe (No Skin Risk),0
4.33,510,11.29,31.2,Acidic Irritant Contact Dermatitis,0
7.23,667,5.66,16.7,Safe (No Skin Risk),0
7.88,318,15.67,41.3,Pseudomonas Folliculitis (Hot Tub Rash),0
6.17,916,17.74,29.7,Bacterial / Fungal Infection Risk,0
9.01,620,8.03,30.1,Eczema / Skin Barrier Damage,0
4.69,902,17.27,29.0,Acidic Irritant Contact Dermatitis,0
4.49,293,5.41,31.5,Acidic Irritant Contact Dermatitis,0
8.73,220,10.74,22.1,Eczema / Skin Barrier Damage,0
7.22,720,17.19,22.8,Bacterial / Fungal Infection Risk,0
8.47,864,6.59,28.8,Severe Xerosis (Dry Skin Risk),0
6.83,739,19.09,36.8,Pseudomonas Folliculitis (Hot Tub Rash),0
5.6,605,2.53,16.3,Safe (No Skin Risk),0
9.32,719,0.46,31.3,Eczema / Skin Barrier Damage,0
9.2,430,18.09,36.8,Eczema / Skin Barrier Damage,0
8.52,1148,1.47,19.2,Eczema / Skin Barrier Damage,0
5.77,251,19.84,15.4,Bacterial / Fungal Infection Risk,0
7.84,423,19.03,23.4,Bacterial / Fungal Infection Risk,0
6.35,381,2.83,30.9,Safe (No Skin Risk),0
4.6,883,10.8,18.7,Acidic Irritant Contact Dermatitis,0
9.96,1101,3.78,26.5,Eczema / Skin Barrier Damage,0
4.89,459,8.62,29.9,Acidic Irritant Contact Dermatitis,0
10.18,790,1.32,31.2,Eczema / Skin Barrier Damage,0
6.9,345,4.56,22.4,Safe (No Skin Risk),1
5.2,741,7.33,25.8,Acidic Irritant Contact Dermatitis,0
7.52,908,8.83,36.0,Safe (No Skin Risk),0
9.67,576,19.55,40.4,Eczema / Skin Barrier Damage,0
8.76,1175,16.18,38.3,Eczema / Skin Barrier Damage,0
9.24,245,14.77,30.2,Eczema / Skin Barrier Damage,0
8.28,535,10.79,26.1,Bacterial / Fungal Infection Risk,0
8.5,1110,16.82,24.0,Severe Xerosis (Dry Skin Risk),0
9.52,543,6.85,18.4,Eczema / Skin Barrier Damage,0
5.62,1085,14.21,17.9,Bacterial / Fungal Infection Risk,0
7.18,252,19.88,33.6,Pseudomonas Folliculitis (Hot Tub Rash),0
5.44,349,6.36,22.0,Acidic Irritant Contact Dermatitis,0
10.42,700,13.51,21.9,Eczema / Skin Barrier Damage,0
10.14,792,16.9,42.0,Eczema / Skin Barrier Damage,0
4.26,311,18.32,20.1,Acidic Irritant Contact Dermatitis,0
8.59,977,14.39,19.0,Eczema / Skin Barrier Damage,0
10.01,71,5.74,17.7,Eczema / Skin Barrier Damage,0
5.17,482,6.59,30.7,Acidic Irritant Contact Dermatitis,0
7.69,201,0.51,32.0,Safe (No Skin Risk),1
9.95,806,15.24,24.9,Eczema / Skin Barrier Damage,0
4.22,293,0.95,29.5,Acidic Irritant Contact Dermatitis,0
8.53,560,17.31,36.3,Eczema / Skin Barrier Damage,0
5.93,1016,2.46,37.1,Safe (No Skin Risk),0
10.01,49,3.52,40.9,Eczema / Skin Barrier Damage,0
10.31,765,9.58,37.3,Eczema / Skin Barrier Damage,0
10.14,544,14.78,30.3,Eczema / Skin Barrier Damage,0
7.08,824,2.87,19.9,Safe (No Skin Risk),0
9.6,475,8.86,17.7,Eczema / Skin Barrier Damage,0
9.49,1174,9.71,16.5,Eczema / Skin Barrier Damage,0
6.07,192,4.32,33.0,Safe (No Skin Risk),0
9.39,956,2.4,36.8,Eczema / Skin Barrier Damage,0
4.24,908,16.74,28.7,Acidic Irritant Contact Dermatitis,0
7.88,1165,10.1,16.5,Bacterial / Fungal Infection Risk,0
5.5,792,0.39,29.5,Safe (No Skin Risk),0
4.78,602,16.08,40.3,Acidic Irritant Contact Dermatitis,0
4.5,1144,19.62,31.1,Acidic Irritant Contact Dermatitis,0
8.53,528,12.16,36.9,Eczema / Skin Barrier Damage,0
6.21,934,10.12,36.6,Pseudomonas Folliculitis (Hot Tub Rash),0
8.71,1151,17.58,40.2,Eczema / Skin Barrier Damage,0
4.42,143,19.06,35.8,Acidic Irritant Contact Dermatitis,0
6.05,1159,15.12,35.2,Pseudomonas Folliculitis (Hot Tub Rash),0
7.51,1064,8.96,21.3,Safe (No Skin Risk),0
9.14,1046,11.89,16.6,Eczema / Skin Barrier Damage,0
6.07,446,14.05,29.0,Bacterial / Fungal Infection Risk,0
8.07,206,3.97,18.4,Safe (No Skin Risk),1
9.76,548,9.0,41.0,Eczema / Skin Barrier Damage,0
8.0,352,16.61,22.8,Bacterial / Fungal Infection Risk,0
5.51,802,13.13,38.0,Pseudomonas Folliculitis (Hot Tub Rash),0
4.16,720,8.28,25.5,Acidic Irritant Contact Dermatitis,0
9.66,516,13.3,23.7,Eczema / Skin Barrier Damage,0
4.14,112,2.45,40.2,Acidic Irritant Contact Dermatitis,0
9.69,621,8.09,24.8,Eczema / Skin Barrier Damage,0
7.44,301,15.88,25.5,Bacterial / Fungal Infection Risk,0
10.1,284,4.49,17.9,Eczema / Skin Barrier Damage,0
9.19,600,3.8,33.1,Eczema / Skin Barrier Damage,0
10.49,1139,19.02,22.8,Eczema / Skin Barrier Damage,0
6.28,214,4.28,30.8,Safe (No Skin Risk),0
8.99,148,5.29,31.0,Eczema / Skin Barrier Damage,0
6.61,222,19.4,34.4,Pseudomonas Folliculitis (Hot Tub Rash),0
7.12,231,14.72,35.1,Pseudomonas Folliculitis (Hot Tub Rash),0
8.08,104,14.02,28.9,Bacterial / Fungal Infection Risk,0
9.68,1002,17.07,23.9,Eczema / Skin Barrier Damage,0
10.4,1163,2.4,37.6,Eczema / Skin Barrier Damage,0
8.99,903,14.15,23.4,Eczema / Skin Barrier Damage,0
6.72,1191,10.12,28.7,Bacterial / Fungal Infection Risk,0
6.74,408,16.6,25.8,Bacterial / Fungal Infection Risk,0
8.79,890,10.21,38.1,Eczema / Skin Barrier Damage,0
5.55,82,12.44,26.7,Bacterial / Fungal Infection Risk,0
4.72,527,9.61,25.4,Acidic Irritant Contact Dermatitis,0
6.31,117,9.62,33.6,Safe (No Skin Risk),0
5.87,865,15.38,31.3,Bacterial / Fungal Infection Risk,0
5.93,713,12.61,17.9,Bacterial / Fungal Infection Risk,0
5.52,740,12.7,28.7,Bacterial / Fungal Infection Risk,0
4.27,798,9.06,34.9,Acidic Irritant Contact Dermatitis,0
4.12,767,10.67,41.8,Acidic Irritant Contact Dermatitis,0
10.42,964,14.94,32.0,Eczema / Skin Barrier Damage,0
6.78,941,16.54,25.0,Bacterial / Fungal Infection Risk,0
6.5,928,13.96,21.1,Bacterial / Fungal Infection Risk,0
8.42,1032,18.49,38.6,Severe Xerosis (Dry Skin Risk),0
5.42,378,16.42,37.0,Acidic Irritant Contact Dermatitis,0
10.17,232,11.28,21.3,Eczema / Skin Barrier Damage,0
9.11,322,13.46,20.4,Eczema / Skin Barrier Damage,0
4.58,429,18.53,34.3,Acidic Irritant Contact Dermatitis,0
6.71,1039,12.42,23.5,Bacterial / Fungal Infection Risk,0
9.71,564,16.51,23.3,Eczema / Skin Barrier Damage,0
10.14,698,13.81,19.1,Eczema / Skin Barrier Damage,0
7.04,755,11.08,22.1,Bacterial / Fungal Infection Risk,0
7.99,930,4.91,26.5,Safe (No Skin Risk),0
5.09,1152,8.58,34.8,Acidic Irritant Contact Dermatitis,0
10.44,1158,19.36,24.1,Eczema / Skin Barrier Damage,0
5.51,491,13.19,23.9,Bacterial / Fungal Infection Risk,0
10.13,467,11.33,22.7,Eczema / Skin Barrier Damage,0
8.22,1085,18.67,27.9,Severe Xerosis (Dry Skin Risk),0
7.95,922,11.77,19.9,Bacterial / Fungal Infection Risk,0
7.33,352,10.57,28.1,Bacterial / Fungal Infection Risk,0
5.5,879,15.21,34.0,Pseudomonas Folliculitis (Hot Tub Rash),0
5.15,558,14.28,15.8,Acidic Irritant Contact Dermatitis,0
5.43,414,3.94,15.3,Acidic Irritant Contact Dermatitis,0
5.21,490,9.48,17.0,Acidic Irritant Contact Dermatitis,0
9.07,1054,9.5,29.5,Eczema / Skin Barrier Damage,0
6.28,634,7.63,38.1,Safe (No Skin Risk),0
4.38,539,10.39,15.1,Acidic Irritant Contact Dermatitis,0
10.3,503,8.32,40.3,Eczema / Skin Barrier Damage,0
9.74,1187,4.07,17.9,Eczema / Skin Barrier Damage,0
10.03,152,8.31,37.7,Eczema / Skin Barrier Damage,0
10.47,1075,1.54,28.0,Eczema / Skin Barrier Damage,0
5.13,1189,11.56,32.8,Acidic Irritant Contact Dermatitis,0
6.58,370,17.09,28.8,Bacterial / Fungal Infection Risk,0
8.93,179,14.53,27.9,Eczema / Skin Barrier Damage,0
8.52,941,7.27,37.5,Eczema / Skin Barrier Damage,0
5.0,1160,1.83,35.4,Acidic Irritant Contact Dermatitis,0
9.3,556,4.12,28.1,Eczema / Skin Barrier Damage,0
5.46,608,10.96,18.0,Acidic Irritant Contact Dermatitis,0
5.45,885,4.22,18.1,Acidic Irritant Contact Dermatitis,0
7.49,1132,10.93,36.6,Pseudomonas Folliculitis (Hot Tub Rash),0
7.85,157,4.71,29.3,Safe (No Skin Risk),1
7.77,927,16.99,28.0,Bacterial / Fungal Infection Risk,0
4.59,1122,8.01,33.4,Acidic Irritant Contact Dermatitis,0
9.7,1096,4.99,38.2,Eczema / Skin Barrier Damage,0
5.73,89,16.27,32.0,Bacterial / Fungal Infection Risk,0
4.84,58,6.92,35.6,Acidic Irritant Contact Dermatitis,0
9.78,765,2.32,35.7,Eczema / Skin Barrier Damage,0
10.21,236,11.45,24.6,Eczema / Skin Barrier Damage,0
9.6,598,11.67,22.4,Eczema / Skin Barrier Damage,0
9.26,491,14.32,36.6,Eczema / Skin Barrier Damage,0
8.26,328,4.88,25.2,Safe (No Skin Risk),1
7.58,1147,8.93,39.4,Safe (No Skin Risk),0
4.57,430,5.72,16.9,Acidic Irritant Contact Dermatitis,0
6.65,254,1.71,16.6,Safe (No Skin Risk),1
6.42,254,17.54,40.0,Pseudomonas Folliculitis (Hot Tub Rash),0
5.69,167,14.6,32.5,Pseudomonas Folliculitis (Hot Tub Rash),0
8.7,799,6.1,25.2,Eczema / Skin Barrier Damage,0
7.22,443,12.03,35.4,Pseudomonas Folliculitis (Hot Tub Rash),0
4.53,1092,4.11,33.2,Acidic Irritant Contact Dermatitis,0
5.43,377,17.82,29.3,Acidic Irritant Contact Dermatitis,0
8.44,870,2.39,17.7,Severe Xerosis (Dry Skin Risk),0
4.49,753,0.18,36.9,Acidic Irritant Contact Dermatitis,0
9.53,400,10.09,38.4,Eczema / Skin Barrier Damage,0
7.22,608,11.7,19.6,Bacterial / Fungal Infection Risk,0
7.12,257,11.62,38.0,Pseudomonas Folliculitis (Hot Tub Rash),0
7.85,241,1.18,38.7,Safe (No Skin Risk),1
9.36,56,6.35,29.8,Eczema / Skin Barrier Damage,0
6.26,361,10.03,32.7,Pseudomonas Folliculitis (Hot Tub Rash),0
8.41,557,4.41,25.3,Safe (No Skin Risk),0
7.68,720,17.47,22.6,Bacterial / Fungal Infection Risk,0
5.74,1145,1.83,34.5,Safe (No Skin Risk),0
9.71,464,9.8,38.3,Eczema / Skin Barrier Damage,0
9.18,1058,13.86,32.7,Eczema / Skin Barrier Damage,0
8.28,426,5.31,28.8,Safe (No Skin Risk),0
9.53,817,12.52,19.3,Eczema / Skin Barrier Damage,0
9.64,137,16.6,16.4,Eczema / Skin Barrier Damage,0
8.6,247,3.89,27.0,Eczema / Skin Barrier Damage,0
9.44,625,18.35,16.3,Eczema / Skin Barrier Damage,0
8.53,205,11.12,30.4,Eczema / Skin Barrier Damage,0
8.42,61,6.05,25.3,Safe (No Skin Risk),0
8.02,193,8.67,35.4,Safe (No Skin Risk),0
8.89,258,6.31,23.3,Eczema / Skin Barrier Damage,0
5.03,708,14.53,31.0,Acidic Irritant Contact Dermatitis,0
9.73,269,15.95,29.5,Eczema / Skin Barrier Damage,0
9.67,59,16.68,15.1,Eczema / Skin Barrier Damage,0
4.19,592,19.72,17.0,Acidic Irritant Contact Dermatitis,0
9.37,989,15.85,22.8,Eczema / Skin Barrier Damage,0
4.84,187,12.07,38.8,Acidic Irritant Contact Dermatitis,0
6.18,1171,6.85,19.0,Safe (No Skin Risk),0
8.83,442,10.94,34.2,Eczema / Skin Barrier Damage,0
5.04,635,0.92,41.3,Acidic Irritant Contact Dermatitis,0
9.32,406,14.92,36.3,Eczema / Skin Barrier Damage,0
9.41,841,8.97,21.6,Eczema / Skin Barrier Damage,0
7.3,957,0.5,39.5,Safe (No Skin Risk),0
4.04,1197,1.34,17.5,Acidic Irritant Contact Dermatitis,0
5.87,112,7.81,27.6,Safe (No Skin Risk),0
8.01,520,11.71,39.0,Pseudomonas Folliculitis (Hot Tub Rash),0
10.38,599,9.34,32.3,Eczema / Skin Barrier Damage,0
8.11,784,12.42,26.2,Severe Xerosis (Dry Skin Risk),0
5.69,139,9.66,22.9,Safe (No Skin Risk),0
8.12,1122,13.27,25.1,Severe Xerosis (Dry Skin Risk),0
7.51,547,4.46,28.7,Safe (No Skin Risk),0
9.07,297,2.35,23.6,Eczema / Skin Barrier Damage,0
4.7,452,11.97,41.2,Acidic Irritant Contact Dermatitis,0
8.95,1128,9.75,40.2,Eczema / Skin Barrier Damage,0
7.52,634,0.63,38.5,Safe (No Skin Risk),0
10.26,305,7.67,26.4,Eczema / Skin Barrier Damage,0
6.22,860,2.21,33.7,Safe (No Skin Risk),0
8.11,1142,10.67,39.4,Severe Xerosis (Dry Skin Risk),0
10.06,701,7.98,38.0,Eczema / Skin Barrier Damage,0
4.67,986,12.3,26.2,Acidic Irritant Contact Dermatitis,0
10.09,599,16.13,18.0,Eczema / Skin Barrier Damage,0
8.47,956,6.06,17.0,Severe Xerosis (Dry Skin Risk),0
4.44,930,19.25,30.6,Acidic Irritant Contact Dermatitis,0
5.96,907,10.76,32.4,Pseudomonas Folliculitis (Hot Tub Rash),0
8.6,649,12.4,37.9,Eczema / Skin Barrier Damage,0
4.44,453,13.65,22.9,Acidic Irritant Contact Dermatitis,0
7.78,64,13.37,19.5,Bacterial / Fungal Infection Risk,0
6.25,323,10.27,25.2,Bacterial / Fungal Infection Risk,0
8.04,920,8.63,24.5,Severe Xerosis (Dry Skin Risk),0
4.3,340,1.17,18.6,Acidic Irritant Contact Dermatitis,0
9.66,1131,0.54,33.2,Eczema / Skin Barrier Damage,0
10.33,1070,7.22,28.7,Eczema / Skin Barrier Damage,0
10.3,856,6.74,34.5,Eczema / Skin Barrier Damage,0
8.87,122,7.82,24.5,Eczema / Skin Barrier Damage,0
4.85,1136,2.85,23.8,Acidic Irritant Contact Dermatitis,0
8.93,85,14.79,27.8,Eczema / Skin Barrier Damage,0
4.16,657,17.15,38.7,Acidic Irritant Contact Dermatitis,0
4.14,967,18.78,16.1,Acidic Irritant Contact Dermatitis,0
6.1,301,9.9,36.7,Safe (No Skin Risk),0
7.18,215,14.05,25.0,Bacterial / Fungal Infection Risk,0
9.01,696,17.13,38.1,Eczema / Skin Barrier Damage,0
8.44,881,8.42,36.7,Severe Xerosis (Dry Skin Risk),0
6.9,409,6.26,24.4,Safe (No Skin Risk),0
5.78,93,18.74,33.7,Pseudomonas Folliculitis (Hot Tub Rash),0
10.48,729,10.36,19.3,Eczema / Skin Barrier Damage,0
6.77,1190,10.0,39.2,Safe (No Skin Risk),0
6.93,406,3.65,25.9,Safe (No Skin Risk),1
5.06,683,2.25,27.3,Acidic Irritant Contact Dermatitis,0
9.17,418,16.86,34.1,Eczema / Skin Barrier Damage,0
8.51,112,12.32,37.2,Eczema / Skin Barrier Damage,0
5.44,954,6.58,21.4,Acidic Irritant Contact Dermatitis,0
4.54,899,3.92,32.9,Acidic Irritant Contact Dermatitis,0
8.42,82,11.15,25.6,Bacterial / Fungal Infection Risk,0
8.25,416,11.72,25.0,Bacterial / Fungal Infection Risk,0
5.78,1104,4.22,33.6,Safe (No Skin Risk),0
10.18,209,17.04,25.5,Eczema / Skin Barrier Damage,0
4.98,251,1.78,24.3,Acidic Irritant Contact Dermatitis,0
6.81,78,7.19,37.6,Safe (No Skin Risk),0
10.13,408,13.64,17.7,Eczema / Skin Barrier Damage,0
6.73,796,5.55,33.2,Safe (No Skin Risk),0
8.15,190,16.57,21.7,Bacterial / Fungal Infection Risk,0
6.58,1174,14.82,15.4,Bacterial / Fungal Infection Risk,0
5.78,1110,15.8,19.5,Bacterial / Fungal Infection Risk,0
10.4,1063,2.47,31.4,Eczema / Skin Barrier Damage,0
6.66,776,2.9,34.1,Safe (No Skin Risk),0
9.81,108,5.8,15.6,Eczema / Skin Barrier Damage,0
5.49,338,10.41,16.0,Acidic Irritant Contact Dermatitis,0
5.39,983,14.99,39.4,Acidic Irritant Contact Dermatitis,0
4.2,841,16.75,17.0,Acidic Irritant Contact Dermatitis,0
8.24,335,14.12,39.1,Pseudomonas Folliculitis (Hot Tub Rash),0
6.4,242,18.58,21.2,Bacterial / Fungal Infection Risk,0
9.62,100,14.8,35.0,Eczema / Skin Barrier Damage,0
7.08,985,6.19,23.4,Safe (No Skin Risk),0
10.29,1002,5.38,38.2,Eczema / Skin Barrier Damage,0
5.21,370,13.95,33.9,Acidic Irritant Contact Dermatitis,0
9.65,377,3.94,25.8,Eczema / Skin Barrier Damage,0
9.05,678,1.95,17.1,Eczema / Skin Barrier Damage,0
9.01,314,10.69,34.8,Eczema / Skin Barrier Damage,0
9.49,358,16.45,31.7,Eczema / Skin Barrier Damage,0
8.95,628,2.12,15.1,Eczema / Skin Barrier Damage,0
8.07,543,15.86,15.3,Bacterial / Fungal Infection Risk,0
4.85,426,16.25,36.8,Acidic Irritant Contact Dermatitis,0
4.21,909,9.7,22.0,Acidic Irritant Contact Dermatitis,0
9.99,872,1.24,32.2,Eczema / Skin Barrier Damage,0
8.01,1054,3.57,27.3,Severe Xerosis (Dry Skin Risk),0
9.18,642,14.18,38.3,Eczema / Skin Barrier Damage,0
7.13,730,14.26,39.8,Pseudomonas Folliculitis (Hot Tub Rash),0
4.76,533,17.98,41.9,Acidic Irritant Contact Dermatitis,0
4.81,529,11.7,19.1,Acidic Irritant Contact Dermatitis,0
8.46,760,2.57,38.3,Severe Xerosis (Dry Skin Risk),0
6.8,1136,2.52,22.2,Safe (No Skin Risk),0
5.3,548,14.45,31.0,Acidic Irritant Contact Dermatitis,0
7.2,429,3.76,28.7,Safe (No Skin Risk),1
4.42,334,6.63,15.5,Acidic Irritant Contact Dermatitis,0
7.78,835,9.8,40.2,Safe (No Skin Risk),0
5.75,904,0.59,17.1,Safe (No Skin Risk),0
9.18,588,5.05,33.6,Eczema / Skin Barrier Damage,0
6.02,688,8.22,36.2,Safe (No Skin Risk),0
6.96,607,5.66,36.5,Safe (No Skin Risk),0
4.08,892,2.81,18.7,Acidic Irritant Contact Dermatitis,0
4.47,809,14.59,27.1,Acidic Irritant Contact Dermatitis,0
6.55,484,16.28,37.4,Pseudomonas Folliculitis (Hot Tub Rash),0
7.12,402,5.22,23.2,Safe (No Skin Risk),0
7.9,162,15.51,27.6,Bacterial / Fungal Infection Risk,0
5.9,781,7.77,22.4,Safe (No Skin Risk),0
8.52,719,10.18,27.5,Eczema / Skin Barrier Damage,0
9.59,459,17.13,39.0,Eczema / Skin Barrier Damage,0
9.07,131,15.02,27.3,Eczema / Skin Barrier Damage,0
4.26,102,16.12,30.0,Acidic Irritant Contact Dermatitis,0
7.12,551,2.82,25.9,Safe (No Skin Risk),0
4.68,811,1.49,27.4,Acidic Irritant Contact Dermatitis,0
5.57,295,17.88,15.4,Bacterial / Fungal Infection Risk,0
10.41,174,7.82,22.7,Eczema / Skin Barrier Damage,0
4.93,914,5.83,26.8,Acidic Irritant Contact Dermatitis,0
7.24,861,14.52,32.1,Pseudomonas Folliculitis (Hot Tub Rash),0
8.02,127,16.74,27.2,Bacterial / Fungal Infection Risk,0
8.57,1027,17.26,24.1,Eczema / Skin Barrier Damage,0
7.64,1192,6.39,25.5,Safe (No Skin Risk),0
4.06,862,17.06,21.5,Acidic Irritant Contact Dermatitis,0
6.12,1066,0.91,40.0,Safe (No Skin Risk),0
7.37,1013,1.09,29.1,Safe (No Skin Risk),0
4.57,973,12.51,15.4,Acidic Irritant Contact Dermatitis,0
6.28,160,1.36,15.5,Safe (No Skin Risk),0
4.22,1101,6.56,41.3,Acidic Irritant Contact Dermatitis,0
4.51,1047,13.49,21.0,Acidic Irritant Contact Dermatitis,0
6.58,964,6.81,36.8,Safe (No Skin Risk),0
4.86,684,3.67,16.6,Acidic Irritant Contact Dermatitis,0
7.69,753,5.7,39.9,Safe (No Skin Risk),0
8.48,899,9.21,38.6,Severe Xerosis (Dry Skin Risk),0
9.2,60,9.56,30.4,Eczema / Skin Barrier Damage,0
5.3,281,15.68,15.2,Acidic Irritant Contact Dermatitis,0
5.09,494,15.03,22.0,Acidic Irritant Contact Dermatitis,0
4.68,1002,9.19,26.0,Acidic Irritant Contact Dermatitis,0
8.14,660,16.93,27.4,Severe Xerosis (Dry Skin Risk),0
8.59,342,2.37,23.0,Eczema / Skin Barrier Damage,0
4.21,842,5.18,15.9,Acidic Irritant Contact Dermatitis,0
10.09,1003,16.58,30.9,Eczema / Skin Barrier Damage,0
4.34,108,7.62,29.2,Acidic Irritant Contact Dermatitis,0
7.52,1192,19.63,22.6,Bacterial / Fungal Infection Risk,0
8.61,235,9.38,16.0,Eczema / Skin Barrier Damage,0
9.66,179,15.86,41.9,Eczema / Skin Barrier Damage,0
8.64,322,8.11,28.0,Eczema / Skin Barrier Damage,0
9.21,351,8.56,35.4,Eczema / Skin Barrier Damage,0
6.21,785,7.72,27.2,Safe (No Skin Risk),0
9.3,316,14.41,16.2,Eczema / Skin Barrier Damage,0
4.52,100,11.0,23.4,Acidic Irritant Contact Dermatitis,0
9.82,91,18.88,23.6,Eczema / Skin Barrier Damage,0
7.56,192,5.09,37.6,Safe (No Skin Risk),0
9.31,583,2.1,32.7,Eczema / Skin Barrier Damage,0
6.94,606,7.93,22.4,Safe (No Skin Risk),0
8.18,661,12.37,41.1,Severe Xerosis (Dry Skin Risk),0
7.42,353,17.23,23.7,Bacterial / Fungal Infection Risk,0
8.76,846,6.99,42.0,Eczema / Skin Barrier Damage,0
4.53,887,13.11,41.9,Acidic Irritant Contact Dermatitis,0
4.39,136,7.07,20.2,Acidic Irritant Contact Dermatitis,0
5.61,920,12.38,23.4,Bacterial / Fungal Infection Risk,0
5.04,868,17.71,28.1,Acidic Irritant Contact Dermatitis,0
9.67,176,4.7,32.9,Eczema / Skin Barrier Damage,0
5.42,1069,8.14,29.3,Acidic Irritant Contact Dermatitis,0
10.34,1050,19.87,41.2,Eczema / Skin Barrier Damage,0
6.19,148,17.38,34.5,Pseudomonas Folliculitis (Hot Tub Rash),0
5.18,586,11.34,20.7,Acidic Irritant Contact Dermatitis,0
9.13,1102,10.38,17.8,Eczema / Skin Barrier Damage,0
8.28,701,5.76,33.6,Severe Xerosis (Dry Skin Risk),0
7.24,464,10.39,19.3,Bacterial / Fungal Infection Risk,0
7.61,669,16.98,36.3,Pseudomonas Folliculitis (Hot Tub Rash),0
8.67,300,13.73,23.4,Eczema / Skin Barrier Damage,0
5.48,126,5.87,23.8,Acidic Irritant Contact Dermatitis,0
10.48,504,4.11,15.3,Eczema / Skin Barrier Damage,0
10.34,115,5.38,33.9,Eczema / Skin Barrier Damage,0
8.23,510,3.48,18.1,Safe (No Skin Risk),0
5.3,453,2.0,35.9,Acidic Irritant Contact Dermatitis,0
8.42,864,8.44,28.3,Severe Xerosis (Dry Skin Risk),0
4.47,934,2.35,36.2,Acidic Irritant Contact Dermatitis,0
4.2,765,3.52,30.8,Acidic Irritant Contact Dermatitis,0
5.67,496,10.99,17.2,Bacterial / Fungal Infection Risk,0
7.01,692,3.38,35.7,Safe (No Skin Risk),0
9.64,711,1.37,16.9,Eczema / Skin Barrier Damage,0
8.73,534,6.42,27.9,Eczema / Skin Barrier Damage,0
8.83,1108,4.48,19.7,Eczema / Skin Barrier Damage,0
6.77,636,10.35,35.3,Pseudomonas Folliculitis (Hot Tub Rash),0
6.25,489,2.14,39.6,Safe (No Skin Risk),0
6.41,524,15.06,30.0,Bacterial / Fungal Infection Risk,0
10.42,685,18.13,29.2,Eczema / Skin Barrier Damage,0
4.26,659,14.89,35.6,Acidic Irritant Contact Dermatitis,0
9.64,1081,10.7,15.1,Eczema / Skin Barrier Damage,0
7.76,701,17.23,39.8,Pseudomonas Folliculitis (Hot Tub Rash),0
6.85,797,13.93,20.3,Bacterial / Fungal Infection Risk,0
8.71,328,0.31,41.6,Eczema / Skin Barrier Damage,0
7.16,760,7.94,34.9,Safe (No Skin Risk),0
9.68,677,17.03,35.9,Eczema / Skin Barrier Damage,0
9.85,274,6.98,32.7,Eczema / Skin Barrier Damage,0
6.74,455,0.8,27.7,Safe (No Skin Risk),1
5.8,977,14.95,30.4,Bacterial / Fungal Infection Risk,0
7.85,538,16.06,16.3,Bacterial / Fungal Infection Risk,0
9.93,1013,3.3,31.8,Eczema / Skin Barrier Damage,0
5.37,673,10.79,31.9,Acidic Irritant Contact Dermatitis,0
8.05,1059,3.92,39.1,Severe Xerosis (Dry Skin Risk),0
8.11,154,14.41,28.7,Bacterial / Fungal Infection Risk,0
8.77,971,5.5,17.1,Eczema / Skin Barrier Damage,0
4.86,713,6.39,23.3,Acidic Irritant Contact Dermatitis,0
8.65,1074,16.91,32.7,Eczema / Skin Barrier Damage,0
9.91,245,9.58,21.5,Eczema / Skin Barrier Damage,0
5.17,286,13.43,22.6,Acidic Irritant Contact Dermatitis,0
5.54,797,8.11,37.2,Safe (No Skin Risk),0
10.31,1190,6.03,30.8,Eczema / Skin Barrier Damage,0
5.18,186,12.55,28.7,Acidic Irritant Contact Dermatitis,0
9.55,157,3.18,23.6,Eczema / Skin Barrier Damage,0
7.2,451,7.52,34.7,Safe (No Skin Risk),0
5.61,402,4.26,22.8,Safe (No Skin Risk),0
9.66,176,13.95,34.9,Eczema / Skin Barrier Damage,0
6.89,997,18.89,16.9,Bacterial / Fungal Infection Risk,0
7.35,58,19.91,38.3,Pseudomonas Folliculitis (Hot Tub Rash),0
6.34,234,9.06,28.5,Safe (No Skin Risk),0
7.85,369,5.13,26.8,Safe (No Skin Risk),0
5.06,214,8.91,31.5,Acidic Irritant Contact Dermatitis,0
6.54,1041,16.96,31.9,Bacterial / Fungal Infection Risk,0
10.3,488,4.2,18.6,Eczema / Skin Barrier Damage,0
5.68,985,19.05,35.4,Pseudomonas Folliculitis (Hot Tub Rash),0
8.27,180,6.9,22.5,Safe (No Skin Risk),0
6.11,797,19.72,39.4,Pseudomonas Folliculitis (Hot Tub Rash),0
9.03,969,16.79,37.1,Eczema / Skin Barrier Damage,0
4.85,132,16.19,24.3,Acidic Irritant Contact Dermatitis,0
10.3,278,6.43,36.8,Eczema / Skin Barrier Damage,0
6.95,244,0.27,24.6,Safe (No Skin Risk),1
5.53,599,7.7,17.7,Safe (No Skin Risk),0
4.48,284,6.11,41.0,Acidic Irritant Contact Dermatitis,0
5.1,871,0.84,32.6,Acidic Irritant Contact Dermatitis,0
7.38,964,10.16,27.3,Bacterial / Fungal Infection Risk,0
6.19,334,8.12,25.7,Safe (No Skin Risk),0
9.39,679,12.73,23.8,Eczema / Skin Barrier Damage,0
6.8,895,12.46,41.5,Pseudomonas Folliculitis (Hot Tub Rash),0
5.62,56,2.5,18.6,Safe (No Skin Risk),0
8.01,110,19.54,23.5,Bacterial / Fungal Infection Risk,0
8.59,344,3.82,28.1,Eczema / Skin Barrier Damage,0
5.09,1070,8.96,27.9,Acidic Irritant Contact Dermatitis,0
5.09,856,9.81,27.7,Acidic Irritant Contact Dermatitis,0
4.24,1166,16.28,19.7,Acidic Irritant Contact Dermatitis,0
8.79,860,2.07,18.9,Eczema / Skin Barrier Damage,0
8.31,232,8.63,21.9,Safe (No Skin Risk),0
7.09,568,12.61,39.7,Pseudomonas Folliculitis (Hot Tub Rash),0
9.49,210,4.38,18.1,Eczema / Skin Barrier Damage,0
9.24,290,12.59,35.5,Eczema / Skin Barrier Damage,0
7.8,580,18.48,35.5,Pseudomonas Folliculitis (Hot Tub Rash),0
9.64,455,19.95,36.9,Eczema / Skin Barrier Damage,0
5.34,833,0.75,38.9,Acidic Irritant Contact Dermatitis,0
4.73,64,4.79,22.1,Acidic Irritant Contact Dermatitis,0
5.75,707,6.28,21.1,Safe (No Skin Risk),0
4.37,1136,8.04,27.6,Acidic Irritant Contact Dermatitis,0
7.45,671,4.92,22.2,Safe (No Skin Risk),0
10.09,1156,4.15,34.8,Eczema / Skin Barrier Damage,0
4.26,544,19.1,32.2,Acidic Irritant Contact Dermatitis,0
4.79,375,18.38,38.6,Acidic Irritant Contact Dermatitis,0
6.94,464,1.04,17.2,Safe (No Skin Risk),1
10.07,538,6.84,39.7,Eczema / Skin Barrier Damage,0
6.06,986,8.16,22.9,Safe (No Skin Risk),0
7.3,669,4.86,28.2,Safe (No Skin Risk),0
4.27,757,12.61,26.8,Acidic Irritant Contact Dermatitis,0
4.96,378,12.84,35.5,Acidic Irritant Contact Dermatitis,0
10.41,698,17.03,26.3,Eczema / Skin Barrier Damage,0
10.27,1001,14.84,40.5,Eczema / Skin Barrier Damage,0
4.03,468,10.9,39.4,Acidic Irritant Contact Dermatitis,0
10.19,938,13.11,38.5,Eczema / Skin Barrier Damage,0
8.15,178,5.55,16.9,Safe (No Skin Risk),0
9.64,981,11.9,38.1,Eczema / Skin Barrier Damage,0
6.96,581,9.84,36.1,Safe (No Skin Risk),0
7.35,96,2.75,17.8,Safe (No Skin Risk),1
7.18,697,4.93,17.9,Safe (No Skin Risk),0
8.33,474,5.9,17.7,Safe (No Skin Risk),0
4.91,423,18.49,15.3,Acidic Irritant Contact Dermatitis,0
4.19,599,4.68,29.8,Acidic Irritant Contact Dermatitis,0
6.0,233,5.86,41.3,Safe (No Skin Risk),0
8.58,573,7.45,26.8,Eczema / Skin Barrier Damage,0
5.31,557,13.31,29.6,Acidic Irritant Contact Dermatitis,0
8.38,755,2.45,41.1,Severe Xerosis (Dry Skin Risk),0
10.3,790,19.08,21.9,Eczema / Skin Barrier Damage,0
4.61,224,17.32,38.2,Acidic Irritant Contact Dermatitis,0
8.37,331,11.59,29.8,Bacterial / Fungal Infection Risk,0
6.88,771,13.51,30.4,Bacterial / Fungal Infection Risk,0
9.64,155,0.43,24.3,Eczema / Skin Barrier Damage,0
5.15,864,6.85,30.2,Acidic Irritant Contact Dermatitis,0
8.5,1112,15.93,17.0,Severe Xerosis (Dry Skin Risk),0
9.45,724,1.64,35.6,Eczema / Skin Barrier Damage,0
10.14,121,5.72,22.7,Eczema / Skin Barrier Damage,0
8.44,873,11.75,39.0,Severe Xerosis (Dry Skin Risk),0
7.23,372,5.2,24.9,Safe (No Skin Risk),0
8.02,596,18.69,18.9,Bacterial / Fungal Infection Risk,0
9.65,374,2.71,33.8,Eczema / Skin Barrier Damage,0
7.71,571,15.97,19.4,Bacterial / Fungal Infection Risk,0
4.2,260,10.21,35.3,Acidic Irritant Contact Dermatitis,0
10.05,674,15.03,41.1,Eczema / Skin Barrier Damage,0
8.48,362,6.28,36.0,Safe (No Skin Risk),0
8.4,42,10.34,15.6,Bacterial / Fungal Infection Risk,0
5.4,245,17.15,31.2,Acidic Irritant Contact Dermatitis,0
8.28,79,9.39,33.8,Safe (No Skin Risk),0
6.56,98,7.26,37.3,Safe (No Skin Risk),0
8.23,990,10.77,16.5,Severe Xerosis (Dry Skin Risk),0
4.69,613,14.38,28.0,Acidic Irritant Contact Dermatitis,0
8.28,683,8.93,29.5,Severe Xerosis (Dry Skin Risk),0
10.5,882,18.78,19.6,Eczema / Skin Barrier Damage,0
4.31,1185,5.97,23.7,Acidic Irritant Contact Dermatitis,0
10.35,658,9.56,26.9,Eczema / Skin Barrier Damage,0
6.64,135,15.16,37.5,Pseudomonas Folliculitis (Hot Tub Rash),0
9.66,937,13.81,40.1,Eczema / Skin Barrier Damage,0
9.09,1125,17.29,32.0,Eczema / Skin Barrier Damage,0
7.69,600,19.94,25.7,Bacterial / Fungal Infection Risk,0
8.8,944,8.59,21.9,Eczema / Skin Barrier Damage,0
9.71,387,2.31,41.5,Eczema / Skin Barrier Damage,0
6.63,710,0.71,41.5,Safe (No Skin Risk),0
6.13,1187,14.56,40.0,Pseudomonas Folliculitis (Hot Tub Rash),0
8.34,356,17.49,36.2,Pseudomonas Folliculitis (Hot Tub Rash),0
9.25,758,4.49,23.8,Eczema / Skin Barrier Damage,0
8.95,1111,3.25,37.1,Eczema / Skin Barrier Damage,0
9.19,1199,1.34,26.0,Eczema / Skin Barrier Damage,0
6.83,289,16.47,23.8,Bacterial / Fungal Infection Risk,0
9.32,353,6.3,35.1,Eczema / Skin Barrier Damage,0
4.78,846,8.09,17.2,Acidic Irritant Contact Dermatitis,0
7.54,524,10.1,16.3,Bacterial / Fungal Infection Risk,0
4.04,83,16.81,27.1,Acidic Irritant Contact Dermatitis,0
6.11,610,13.05,27.0,Bacterial / Fungal Infection Risk,0
6.38,622,12.34,39.2,Pseudomonas Folliculitis (Hot Tub Rash),0
6.58,1155,3.6,18.4,Safe (No Skin Risk),0
8.52,934,10.31,18.3,Eczema / Skin Barrier Damage,0
6.53,259,14.34,19.0,Bacterial / Fungal Infection Risk,0
6.92,964,19.47,15.8,Bacterial / Fungal Infection Risk,0
5.54,440,4.11,16.9,Safe (No Skin Risk),0
6.43,766,0.29,32.8,Safe (No Skin Risk),0
5.48,1030,1.6,26.7,Acidic Irritant Contact Dermatitis,0
4.48,938,7.58,35.6,Acidic Irritant Contact Dermatitis,0
7.92,897,16.43,41.8,Pseudomonas Folliculitis (Hot Tub Rash),0
8.34,843,0.24,32.8,Severe Xerosis (Dry Skin Risk),0
8.03,529,9.19,16.4,Safe (No Skin Risk),0
7.01,977,6.65,17.8,Safe (No Skin Risk),0
6.47,883,1.14,38.8,Safe (No Skin Risk),0
9.61,306,9.06,29.2,Eczema / Skin Barrier Damage,0
7.37,93,5.17,37.3,Safe (No Skin Risk),0
7.11,567,7.1,38.1,Safe (No Skin Risk),0
4.17,655,14.14,40.0,Acidic Irritant Contact Dermatitis,0
6.22,1122,10.48,40.6,Pseudomonas Folliculitis (Hot Tub Rash),0
6.47,1103,2.58,30.0,Safe (No Skin Risk),0
6.59,994,19.23,24.2,Bacterial / Fungal Infection Risk,0
7.77,425,12.75,41.0,Pseudomonas Folliculitis (Hot Tub Rash),0
7.47,773,15.34,29.8,Bacterial / Fungal Infection Risk,0
7.95,755,1.68,16.7,Safe (No Skin Risk),0
8.97,689,1.04,32.4,Eczema / Skin Barrier Damage,0
9.28,339,0.49,30.9,Eczema / Skin Barrier Damage,0
8.67,434,3.86,39.2,Eczema / Skin Barrier Damage,0
10.21,632,8.35,32.6,Eczema / Skin Barrier Damage,0
4.12,553,18.72,24.4,Acidic Irritant Contact Dermatitis,0
5.27,435,9.2,41.1,Acidic Irritant Contact Dermatitis,0
4.05,410,5.88,36.6,Acidic Irritant Contact Dermatitis,0
8.21,897,11.28,32.0,Severe Xerosis (Dry Skin Risk),0
9.84,830,2.33,22.9,Eczema / Skin Barrier Damage,0
5.58,697,12.23,25.1,Bacterial / Fungal Infection Risk,0
10.03,775,11.41,33.1,Eczema / Skin Barrier Damage,0
4.39,423,15.86,16.9,Acidic Irritant Contact Dermatitis,0
10.07,101,19.74,21.9,Eczema / Skin Barrier Damage,0
6.29,544,5.09,34.3,Safe (No Skin Risk),0
4.66,278,10.24,28.0,Acidic Irritant Contact Dermatitis,0
7.16,234,18.19,25.9,Bacterial / Fungal Infection Risk,0
5.67,717,15.73,19.1,Bacterial / Fungal Infection Risk,0
5.85,100,9.8,26.9,Safe (No Skin Risk),0
6.0,1192,18.91,35.8,Pseudomonas Folliculitis (Hot Tub Rash),0
9.22,1029,1.24,22.1,Eczema / Skin Barrier Damage,0
7.5,724,18.63,15.1,Bacterial / Fungal Infection Risk,0
6.02,195,1.11,33.0,Safe (No Skin Risk),0
7.97,962,10.99,41.3,Pseudomonas Folliculitis (Hot Tub Rash),0
8.65,907,17.82,31.4,Eczema / Skin Barrier Damage,0
5.77,942,5.33,18.2,Safe (No Skin Risk),0
6.69,1038,9.5,23.7,Safe (No Skin Risk),0
4.79,1014,6.55,38.4,Acidic Irritant Contact Dermatitis,0
5.18,427,19.05,21.3,Acidic Irritant Contact Dermatitis,0
8.43,926,16.49,31.4,Severe Xerosis (Dry Skin Risk),0
5.18,877,14.21,25.9,Acidic Irritant Contact Dermatitis,0
7.41,379,11.79,20.6,Bacterial / Fungal Infection Risk,0
8.61,243,16.43,37.0,Eczema / Skin Barrier Damage,0
4.69,200,7.91,35.1,Acidic Irritant Contact Dermatitis,0
7.69,431,9.01,32.9,Safe (No Skin Risk),0
5.67,808,14.63,21.4,Bacterial / Fungal Infection Risk,0
10.26,614,7.22,17.6,Eczema / Skin Barrier Damage,0
7.14,573,1.37,30.6,Safe (No Skin Risk),0
9.24,1133,1.58,29.9,Eczema / Skin Barrier Damage,0
7.58,932,2.4,20.1,Safe (No Skin Risk),0
4.28,444,17.41,16.5,Acidic Irritant Contact Dermatitis,0
8.12,647,9.5,17.2,Severe Xerosis (Dry Skin Risk),0
10.18,867,14.29,41.8,Eczema / Skin Barrier Damage,0
7.91,1183,7.92,36.2,Safe (No Skin Risk),0
9.32,729,5.25,39.9,Eczema / Skin Barrier Damage,0
9.75,941,7.01,20.3,Eczema / Skin Barrier Damage,0
5.48,95,15.9,40.9,Acidic Irritant Contact Dermatitis,0
5.38,405,12.54,18.9,Acidic Irritant Contact Dermatitis,0
7.97,494,18.76,28.7,Bacterial / Fungal Infection Risk,0
6.67,143,13.63,37.4,Pseudomonas Folliculitis (Hot Tub Rash),0
9.46,116,11.45,24.4,Eczema / Skin Barrier Damage,0
9.85,269,12.24,26.5,Eczema / Skin Barrier Damage,0
6.3,370,18.85,18.5,Bacterial / Fungal Infection Risk,0
5.54,932,15.79,18.3,Bacterial / Fungal Infection Risk,0
9.07,727,0.58,31.7,Eczema / Skin Barrier Damage,0
5.79,66,10.73,33.2,Pseudomonas Folliculitis (Hot Tub Rash),0
9.35,338,13.8,36.0,Eczema / Skin Barrier Damage,0
6.75,996,15.0,30.0,Bacterial / Fungal Infection Risk,0
8.34,838,4.34,32.4,Severe Xerosis (Dry Skin Risk),0
4.62,1154,17.36,15.4,Acidic Irritant Contact Dermatitis,0
8.06,519,19.12,19.4,Bacterial / Fungal Infection Risk,0
6.94,612,4.81,41.6,Safe (No Skin Risk),0
7.81,497,17.66,17.1,Bacterial / Fungal Infection Risk,0
5.09,404,2.03,33.3,Acidic Irritant Contact Dermatitis,0
8.79,898,1.21,19.8,Eczema / Skin Barrier Damage,0
9.61,390,2.67,34.4,Eczema / Skin Barrier Damage,0
5.41,292,1.25,34.1,Acidic Irritant Contact Dermatitis,0
4.62,820,16.92,21.3,Acidic Irritant Contact Dermatitis,0
4.15,842,1.28,22.3,Acidic Irritant Contact Dermatitis,0
8.17,1051,5.51,32.7,Severe Xerosis (Dry Skin Risk),0
7.95,498,2.16,25.5,Safe (No Skin Risk),1
7.55,956,5.98,20.3,Safe (No Skin Risk),0
5.51,538,1.9,34.8,Safe (No Skin Risk),0
6.54,989,13.39,19.2,Bacterial / Fungal Infection Risk,0
7.86,547,2.75,38.1,Safe (No Skin Risk),0
7.23,540,17.05,28.9,Bacterial / Fungal Infection Risk,0
10.42,842,16.36,17.9,Eczema / Skin Barrier Damage,0
4.89,637,0.37,33.7,Acidic Irritant Contact Dermatitis,0
8.52,205,17.92,29.0,Eczema / Skin Barrier Damage,0
6.63,501,0.68,23.0,Safe (No Skin Risk),0
6.78,959,4.87,26.4,Safe (No Skin Risk),0
8.66,153,0.74,23.1,Eczema / Skin Barrier Damage,0
8.5,1031,6.78,22.1,Severe Xerosis (Dry Skin Risk),0
10.44,246,10.33,19.4,Eczema / Skin Barrier Damage,0
4.83,554,15.95,24.8,Acidic Irritant Contact Dermatitis,0
4.68,748,6.83,21.8,Acidic Irritant Contact Dermatitis,0
8.71,1188,14.14,33.5,Eczema / Skin Barrier Damage,0
7.76,177,3.83,33.5,Safe (No Skin Risk),1
5.78,378,15.04,28.5,Bacterial / Fungal Infection Risk,0
4.52,576,4.8,36.0,Acidic Irritant Contact Dermatitis,0
4.56,107,2.96,37.7,Acidic Irritant Contact Dermatitis,0
9.81,422,3.79,30.7,Eczema / Skin Barrier Damage,0
5.25,58,3.72,31.7,Acidic Irritant Contact Dermatitis,0
6.1,722,10.31,22.6,Bacterial / Fungal Infection Risk,0
5.47,113,16.91,39.2,Acidic Irritant Contact Dermatitis,0
6.31,612,1.68,15.7,Safe (No Skin Risk),0
4.45,978,14.17,24.4,Acidic Irritant Contact Dermatitis,0
7.37,1111,13.12,34.5,Pseudomonas Folliculitis (Hot Tub Rash),0
4.44,250,17.46,17.2,Acidic Irritant Contact Dermatitis,0
9.2,894,4.96,19.9,Eczema / Skin Barrier Damage,0
5.52,690,9.06,30.9,Safe (No Skin Risk),0
7.51,1033,18.52,30.1,Bacterial / Fungal Infection Risk,0
9.72,734,13.23,35.0,Eczema / Skin Barrier Damage,0
8.23,579,7.84,36.9,Safe (No Skin Risk),0
7.46,940,2.72,18.5,Safe (No Skin Risk),0
6.11,819,5.32,15.5,Safe (No Skin Risk),0
6.16,1176,11.67,33.6,Pseudomonas Folliculitis (Hot Tub Rash),0
8.35,209,14.39,23.1,Bacterial / Fungal Infection Risk,0
10.46,1077,2.58,31.9,Eczema / Skin Barrier Damage,0
8.3,327,12.03,19.1,Bacterial / Fungal Infection Risk,0
7.63,228,11.05,27.7,Bacterial / Fungal Infection Risk,0
8.75,953,10.33,28.6,Eczema / Skin Barrier Damage,0
7.02,733,13.83,30.8,Bacterial / Fungal Infection Risk,0
4.39,927,16.77,28.9,Acidic Irritant Contact Dermatitis,0
7.65,510,6.53,28.4,Safe (No Skin Risk),0
10.22,1138,17.79,24.0,Eczema / Skin Barrier Damage,0
5.14,316,3.3,16.9,Acidic Irritant Contact Dermatitis,0
8.49,979,3.54,17.4,Severe Xerosis (Dry Skin Risk),0
5.31,610,5.41,26.7,Acidic Irritant Contact Dermatitis,0
7.48,896,2.48,24.6,Safe (No Skin Risk),0
4.63,1040,4.68,28.9,Acidic Irritant Contact Dermatitis,0
6.93,497,2.22,23.2,Safe (No Skin Risk),1
8.92,957,16.45,33.6,Eczema / Skin Barrier Damage,0
6.26,872,2.87,38.3,Safe (No Skin Risk),0
8.32,1127,14.97,23.1,Severe Xerosis (Dry Skin Risk),0
9.17,878,1.05,20.2,Eczema / Skin Barrier Damage,0
10.03,232,18.98,18.1,Eczema / Skin Barrier Damage,0
5.53,655,14.25,31.6,Bacterial / Fungal Infection Risk,0
6.6,445,0.24,27.0,Safe (No Skin Risk),1
4.99,982,15.3,20.1,Acidic Irritant Contact Dermatitis,0
10.45,760,10.33,32.6,Eczema / Skin Barrier Damage,0
10.03,132,15.61,19.0,Eczema / Skin Barrier Damage,0
7.51,469,10.5,30.0,Bacterial / Fungal Infection Risk,0
9.47,693,12.86,29.2,Eczema / Skin Barrier Damage,0
7.39,473,15.75,34.8,Pseudomonas Folliculitis (Hot Tub Rash),0
8.05,1175,8.16,16.5,Severe Xerosis (Dry Skin Risk),0
4.58,414,0.15,39.0,Acidic Irritant Contact Dermatitis,0
8.91,1122,17.01,34.0,Eczema / Skin Barrier Damage,0
4.83,1106,7.68,20.8,Acidic Irritant Contact Dermatitis,0
9.37,246,9.97,20.0,Eczema / Skin Barrier Damage,0
9.08,819,0.25,26.7,Eczema / Skin Barrier Damage,0
8.61,1181,9.89,37.1,Eczema / Skin Barrier Damage,0
4.24,571,19.73,37.8,Acidic Irritant Contact Dermatitis,0
5.97,205,5.64,29.1,Safe (No Skin Risk),0
5.71,682,7.97,38.2,Safe (No Skin Risk),0
6.34,129,13.78,15.1,Bacterial / Fungal Infection Risk,0
4.57,1157,16.31,15.9,Acidic Irritant Contact Dermatitis,0
10.09,52,8.41,39.6,Eczema / Skin Barrier Damage,0
7.6,1012,6.26,35.9,Safe (No Skin Risk),0
5.99,844,18.76,27.2,Bacterial / Fungal Infection Risk,0
6.58,984,13.58,35.3,Pseudomonas Folliculitis (Hot Tub Rash),0
6.91,781,2.47,40.8,Safe (No Skin Risk),0
7.9,915,1.47,35.8,Safe (No Skin Risk),0
7.35,699,9.72,37.7,Safe (No Skin Risk),0
9.98,1071,4.48,35.5,Eczema / Skin Barrier Damage,0
7.23,1092,5.15,19.5,Safe (No Skin Risk),0
10.45,335,17.57,37.5,Eczema / Skin Barrier Damage,0
9.53,1025,1.88,20.3,Eczema / Skin Barrier Damage,0
5.36,965,14.34,39.1,Acidic Irritant Contact Dermatitis,0
10.05,679,5.5,27.4,Eczema / Skin Barrier Damage,0
4.76,379,15.23,33.3,Acidic Irritant Contact Dermatitis,0
9.31,667,14.48,28.4,Eczema / Skin Barrier Damage,0
6.47,478,0.25,17.5,Safe (No Skin Risk),0
9.71,981,10.23,22.8,Eczema / Skin Barrier Damage,0
9.64,869,2.87,41.6,Eczema / Skin Barrier Damage,0
9.24,558,17.34,40.9,Eczema / Skin Barrier Damage,0
9.14,1015,17.44,23.7,Eczema / Skin Barrier Damage,0
5.98,1108,8.43,41.9,Safe (No Skin Risk),0
4.53,994,8.94,37.8,Acidic Irritant Contact Dermatitis,0
6.62,991,6.14,31.5,Safe (No Skin Risk),0
5.13,983,14.36,16.1,Acidic Irritant Contact Dermatitis,0
8.52,194,7.24,39.3,Eczema / Skin Barrier Damage,0
6.25,127,5.43,30.1,Safe (No Skin Risk),0
10.34,1136,8.7,38.4,Eczema / Skin Barrier Damage,0
8.17,970,1.92,37.5,Severe Xerosis (Dry Skin Risk),0
9.35,218,14.96,37.5,Eczema / Skin Barrier Damage,0
4.86,251,0.35,33.9,Acidic Irritant Contact Dermatitis,0
9.6,504,12.93,22.9,Eczema / Skin Barrier Damage,0
10.0,670,3.74,24.1,Eczema / Skin Barrier Damage,0
7.17,864,4.72,23.3,Safe (No Skin Risk),0
7.94,646,12.75,15.5,Bacterial / Fungal Infection Risk,0
8.97,924,19.86,30.7,Eczema / Skin Barrier Damage,0
5.14,405,15.58,33.9,Acidic Irritant Contact Dermatitis,0
7.27,315,4.59,38.1,Safe (No Skin Risk),1
6.59,419,3.6,18.8,Safe (No Skin Risk),1
4.95,984,17.34,29.7,Acidic Irritant Contact Dermatitis,0
6.39,1127,8.94,15.2,Safe (No Skin Risk),0
4.44,849,2.83,17.6,Acidic Irritant Contact Dermatitis,0
4.17,964,17.26,16.5,Acidic Irritant Contact Dermatitis,0
4.88,533,16.34,34.6,Acidic Irritant Contact Dermatitis,0
10.26,1161,19.68,17.2,Eczema / Skin Barrier Damage,0
7.57,1134,18.2,34.3,Pseudomonas Folliculitis (Hot Tub Rash),0
10.28,403,17.05,21.7,Eczema / Skin Barrier Damage,0
6.81,609,1.15,38.7,Safe (No Skin Risk),0
6.03,802,2.18,37.0,Safe (No Skin Risk),0
7.29,315,11.42,40.9,Pseudomonas Folliculitis (Hot Tub Rash),0
6.86,89,10.68,38.9,Pseudomonas Folliculitis (Hot Tub Rash),0
4.69,767,9.21,40.2,Acidic Irritant Contact Dermatitis,0
8.17,945,8.0,38.2,Severe Xerosis (Dry Skin Risk),0
5.4,967,8.68,33.7,Acidic Irritant Contact Dermatitis,0
8.03,603,11.43,19.6,Severe Xerosis (Dry Skin Risk),0
8.23,822,0.14,22.3,Severe Xerosis (Dry Skin Risk),0
4.99,524,5.29,20.7,Acidic Irritant Contact Dermatitis,0
4.4,1147,10.41,31.3,Acidic Irritant Contact Dermatitis,0
9.07,623,14.47,28.6,Eczema / Skin Barrier Damage,0
6.99,275,3.57,38.4,Safe (No Skin Risk),1
4.38,95,10.98,40.7,Acidic Irritant Contact Dermatitis,0
10.47,399,14.32,25.9,Eczema / Skin Barrier Damage,0
4.38,149,8.95,28.7,Acidic Irritant Contact Dermatitis,0
8.52,231,0.64,41.2,Eczema / Skin Barrier Damage,0
10.39,943,9.04,22.5,Eczema / Skin Barrier Damage,0
5.55,1156,6.0,36.4,Safe (No Skin Risk),0
4.92,901,18.6,21.1,Acidic Irritant Contact Dermatitis,0
4.79,607,2.58,33.4,Acidic Irritant Contact Dermatitis,0
5.97,1123,13.08,21.8,Bacterial / Fungal Infection Risk,0
4.66,689,1.15,38.9,Acidic Irritant Contact Dermatitis,0
8.5,78,8.98,30.2,Safe (No Skin Risk),0
4.4,1112,11.12,20.0,Acidic Irritant Contact Dermatitis,0
7.31,676,6.03,21.1,Safe (No Skin Risk),0
10.48,1076,9.16,28.3,Eczema / Skin Barrier Damage,0
9.29,75,3.35,41.0,Eczema / Skin Barrier Damage,0
8.0,140,6.15,35.8,Safe (No Skin Risk),0
5.99,1149,12.46,28.2,Bacterial / Fungal Infection Risk,0
8.06,205,6.11,24.1,Safe (No Skin Risk),0
7.43,422,18.0,29.8,Bacterial / Fungal Infection Risk,0
6.77,829,12.61,35.2,Pseudomonas Folliculitis (Hot Tub Rash),0
4.85,70,8.83,36.2,Acidic Irritant Contact Dermatitis,0
9.76,50,0.87,23.8,Eczema / Skin Barrier Damage,0
6.92,135,10.04,34.5,Pseudomonas Folliculitis (Hot Tub Rash),0
5.27,492,15.32,32.8,Acidic Irritant Contact Dermatitis,0
6.39,231,5.38,40.9,Safe (No Skin Risk),0
6.69,525,16.15,40.1,Pseudomonas Folliculitis (Hot Tub Rash),0
9.38,1191,5.11,36.3,Eczema / Skin Barrier Damage,0
8.77,277,16.49,34.5,Eczema / Skin Barrier Damage,0
9.0,1175,1.8,22.4,Eczema / Skin Barrier Damage,0
4.07,1128,17.34,37.8,Acidic Irritant Contact Dermatitis,0
6.71,774,10.03,26.5,Bacterial / Fungal Infection Risk,0
7.13,1030,6.0,22.4,Safe (No Skin Risk),0
4.12,864,5.38,25.4,Acidic Irritant Contact Dermatitis,0
5.69,145,8.7,37.6,Safe (No Skin Risk),0
8.94,220,19.98,19.0,Eczema / Skin Barrier Damage,0
4.89,223,4.48,27.3,Acidic Irritant Contact Dermatitis,0
7.48,265,2.15,28.3,Safe (No Skin Risk),1
5.4,816,11.74,16.0,Acidic Irritant Contact Dermatitis,0
4.08,829,9.82,20.3,Acidic Irritant Contact Dermatitis,0
5.57,1152,10.53,37.3,Pseudomonas Folliculitis (Hot Tub Rash),0
10.34,727,13.37,37.4,Eczema / Skin Barrier Damage,0
9.21,569,5.42,22.9,Eczema / Skin Barrier Damage,0
10.24,1011,18.22,38.6,Eczema / Skin Barrier Damage,0
7.17,975,8.77,35.8,Safe (No Skin Risk),0
4.71,145,2.67,26.3,Acidic Irritant Contact Dermatitis,0
7.56,870,14.87,35.2,Pseudomonas Folliculitis (Hot Tub Rash),0
6.95,718,12.9,41.0,Pseudomonas Folliculitis (Hot Tub Rash),0
9.49,888,6.38,27.4,Eczema / Skin Barrier Damage,0
4.64,1095,12.47,21.4,Acidic Irritant Contact Dermatitis,0
7.17,432,4.48,40.4,Safe (No Skin Risk),1
4.98,79,8.95,31.3,Acidic Irritant Contact Dermatitis,0
6.11,699,18.0,17.8,Bacterial / Fungal Infection Risk,0
8.79,1020,2.76,30.5,Eczema / Skin Barrier Damage,0
7.09,1145,7.8,28.5,Safe (No Skin Risk),0
6.44,884,16.44,38.1,Pseudomonas Folliculitis (Hot Tub Rash),0
6.56,240,19.39,29.3,Bacterial / Fungal Infection Risk,0
6.99,486,9.13,21.9,Safe (No Skin Risk),0
9.1,1101,10.19,33.2,Eczema / Skin Barrier Damage,0
9.8,483,11.49,29.6,Eczema / Skin Barrier Damage,0
10.21,800,18.65,21.3,Eczema / Skin Barrier Damage,0
9.11,266,17.18,30.5,Eczema / Skin Barrier Damage,0
6.05,87,3.49,37.2,Safe (No Skin Risk),0
8.47,1081,8.79,15.8,Severe Xerosis (Dry Skin Risk),0
6.84,951,9.33,32.0,Safe (No Skin Risk),0
5.66,226,15.8,24.4,Bacterial / Fungal Infection Risk,0
9.47,384,12.1,22.9,Eczema / Skin Barrier Damage,0
4.25,263,13.12,25.6,Acidic Irritant Contact Dermatitis,0
9.86,869,19.96,24.2,Eczema / Skin Barrier Damage,0
7.0,527,1.59,37.5,Safe (No Skin Risk),0
8.14,916,4.54,22.4,Severe Xerosis (Dry Skin Risk),0
8.29,888,8.22,34.8,Severe Xerosis (Dry Skin Risk),0
9.82,1018,7.02,17.5,Eczema / Skin Barrier Damage,0
8.14,1056,0.53,40.7,Severe Xerosis (Dry Skin Risk),0
7.99,227,1.93,31.8,Safe (No Skin Risk),1
4.43,309,13.65,34.1,Acidic Irritant Contact Dermatitis,0
7.37,349,17.6,23.0,Bacterial / Fungal Infection Risk,0
4.98,1195,10.33,26.1,Acidic Irritant Contact Dermatitis,0
8.79,1135,10.83,21.0,Eczema / Skin Barrier Damage,0
7.33,884,5.18,40.2,Safe (No Skin Risk),0
8.42,525,15.38,28.2,Bacterial / Fungal Infection Risk,0
4.27,159,15.06,32.0,Acidic Irritant Contact Dermatitis,0
4.55,259,11.81,34.8,Acidic Irritant Contact Dermatitis,0
8.66,92,4.33,25.0,Eczema / Skin Barrier Damage,0
4.47,797,2.03,34.4,Acidic Irritant Contact Dermatitis,0
4.46,777,1.38,33.3,Acidic Irritant Contact Dermatitis,0
4.08,759,11.89,34.1,Acidic Irritant Contact Dermatitis,0
10.22,445,16.52,28.2,Eczema / Skin Barrier Damage,0
8.79,647,17.18,25.3,Eczema / Skin Barrier Damage,0
6.3,1060,9.33,21.0,Safe (No Skin Risk),0
5.93,461,15.71,37.3,Pseudomonas Folliculitis (Hot Tub Rash),0
6.27,751,18.94,31.4,Bacterial / Fungal Infection Risk,0
9.04,286,5.58,27.0,Eczema / Skin Barrier Damage,0
8.3,111,8.02,40.5,Safe (No Skin Risk),0
5.2,224,18.64,16.3,Acidic Irritant Contact Dermatitis,0
5.13,45,6.83,38.0,Acidic Irritant Contact Dermatitis,0
4.64,945,18.29,41.9,Acidic Irritant Contact Dermatitis,0
8.29,426,19.62,38.9,Pseudomonas Folliculitis (Hot Tub Rash),0
8.97,738,13.27,36.9,Eczema / Skin Barrier Damage,0
5.72,1139,16.36,25.1,Bacterial / Fungal Infection Risk,0
4.14,866,15.02,21.2,Acidic Irritant Contact Dermatitis,0
4.53,388,14.02,34.8,Acidic Irritant Contact Dermatitis,0
10.29,347,6.21,23.2,Eczema / Skin Barrier Damage,0
5.92,1190,1.24,19.8,Safe (No Skin Risk),0
9.0,326,6.93,36.2,Eczema / Skin Barrier Damage,0
8.06,805,13.37,23.4,Severe Xerosis (Dry Skin Risk),0
6.48,764,2.14,39.7,Safe (No Skin Risk),0
5.34,801,0.34,37.7,Acidic Irritant Contact Dermatitis,0
4.79,422,2.88,37.9,Acidic Irritant Contact Dermatitis,0
8.0,427,14.34,35.8,Pseudomonas Folliculitis (Hot Tub Rash),0
9.04,564,19.46,38.8,Eczema / Skin Barrier Damage,0
8.19,678,19.66,36.8,Severe Xerosis (Dry Skin Risk),0
7.45,977,9.93,31.3,Safe (No Skin Risk),0
4.27,315,17.4,23.0,Acidic Irritant Contact Dermatitis,0
10.3,539,14.76,39.0,Eczema / Skin Barrier Damage,0
9.19,756,10.07,37.7,Eczema / Skin Barrier Damage,0
5.9,376,11.5,27.8,Bacterial / Fungal Infection Risk,0
10.37,971,2.83,16.1,Eczema / Skin Barrier Damage,0
7.91,520,18.76,32.2,Pseudomonas Folliculitis (Hot Tub Rash),0
7.79,950,7.1,16.4,Safe (No Skin Risk),0
8.86,1121,8.98,40.0,Eczema / Skin Barrier Damage,0
9.28,148,13.47,41.0,Eczema / Skin Barrier Damage,0
8.27,367,6.74,20.1,Safe (No Skin Risk),0
4.83,354,5.16,33.3,Acidic Irritant Contact Dermatitis,0
6.2,1174,12.66,17.5,Bacterial / Fungal Infection Risk,0
10.03,738,0.6,34.7,Eczema / Skin Barrier Damage,0
5.46,820,14.44,24.4,Acidic Irritant Contact Dermatitis,0
6.42,195,10.33,33.4,Pseudomonas Folliculitis (Hot Tub Rash),0
6.81,926,12.15,25.1,Bacterial / Fungal Infection Risk,0
6.86,1065,12.67,18.9,Bacterial / Fungal Infection Risk,0
7.98,797,10.59,26.0,Bacterial / Fungal Infection Risk,0
10.13,761,11.69,18.0,Eczema / Skin Barrier Damage,0
5.56,952,13.71,30.6,Bacterial / Fungal Infection Risk,0
4.79,910,15.09,16.1,Acidic Irritant Contact Dermatitis,0
5.28,52,14.58,29.2,Acidic Irritant Contact Dermatitis,0
9.77,647,17.41,38.9,Eczema / Skin Barrier Damage,0
8.2,537,3.87,37.6,Safe (No Skin Risk),0
5.86,277,8.08,38.8,Safe (No Skin Risk),0
9.3,1157,18.96,39.9,Eczema / Skin Barrier Damage,0
9.6,820,7.99,17.8,Eczema / Skin Barrier Damage,0
9.5,645,2.58,18.5,Eczema / Skin Barrier Damage,0
9.97,700,10.56,30.0,Eczema / Skin Barrier Damage,0
5.64,888,2.28,39.1,Safe (No Skin Risk),0
8.91,975,4.14,41.3,Eczema / Skin Barrier Damage,0
6.99,667,19.97,16.2,Bacterial / Fungal Infection Risk,0
9.47,182,10.87,24.6,Eczema / Skin Barrier Damage,0
8.74,753,5.75,20.7,Eczema / Skin Barrier Damage,0
9.05,518,19.9,35.4,Eczema / Skin Barrier Damage,0
8.27,604,19.33,32.3,Severe Xerosis (Dry Skin Risk),0
5.15,510,8.87,18.2,Acidic Irritant Contact Dermatitis,0
7.54,423,5.28,28.1,Safe (No Skin Risk),0
10.4,965,16.78,33.5,Eczema / Skin Barrier Damage,0
10.09,456,14.34,36.0,Eczema / Skin Barrier Damage,0
4.28,347,13.77,15.5,Acidic Irritant Contact Dermatitis,0
5.07,688,17.87,39.0,Acidic Irritant Contact Dermatitis,0
4.86,1064,13.82,30.4,Acidic Irritant Contact Dermatitis,0
8.72,1107,5.75,36.9,Eczema / Skin Barrier Damage,0
9.32,778,13.91,36.8,Eczema / Skin Barrier Damage,0
5.39,1161,6.19,20.1,Acidic Irritant Contact Dermatitis,0
7.29,179,15.21,18.0,Bacterial / Fungal Infection Risk,0
9.46,1013,12.43,34.5,Eczema / Skin Barrier Damage,0
8.76,1056,1.64,19.2,Eczema / Skin Barrier Damage,0
7.52,992,10.31,37.9,Pseudomonas Folliculitis (Hot Tub Rash),0
7.84,943,6.93,34.6,Safe (No Skin Risk),0
7.3,111,6.64,37.7,Safe (No Skin Risk),0
5.93,146,12.08,23.1,Bacterial / Fungal Infection Risk,0
7.67,1105,6.51,23.5,Safe (No Skin Risk),0
8.48,922,15.56,33.1,Severe Xerosis (Dry Skin Risk),0
9.68,178,1.51,15.8,Eczema / Skin Barrier Damage,0
8.14,654,13.24,34.6,Severe Xerosis (Dry Skin Risk),0
8.95,902,16.2,37.6,Eczema / Skin Barrier Damage,0
5.04,312,13.49,26.2,Acidic Irritant Contact Dermatitis,0
7.0,455,9.99,35.7,Safe (No Skin Risk),0
4.06,545,19.01,19.7,Acidic Irritant Contact Dermatitis,0
5.6,772,6.07,23.7,Safe (No Skin Risk),0
8.72,463,0.48,41.3,Eczema / Skin Barrier Damage,0
10.45,429,8.7,41.6,Eczema / Skin Barrier Damage,0
4.64,381,0.76,28.8,Acidic Irritant Contact Dermatitis,0
6.61,985,19.08,40.2,Pseudomonas Folliculitis (Hot Tub Rash),0
9.2,653,4.28,29.1,Eczema / Skin Barrier Damage,0
5.33,532,15.8,22.9,Acidic Irritant Contact Dermatitis,0
7.61,231,15.51,22.2,Bacterial / Fungal Infection Risk,0
8.76,538,4.43,40.1,Eczema / Skin Barrier Damage,0
8.0,861,12.46,19.7,Bacterial / Fungal Infection Risk,0
5.22,266,1.06,30.7,Acidic Irritant Contact Dermatitis,0
6.31,178,9.72,30.0,Safe (No Skin Risk),0
9.09,895,0.39,35.0,Eczema / Skin Barrier Damage,0
7.6,856,18.43,28.5,Bacterial / Fungal Infection Risk,0
4.03,1178,19.52,22.4,Acidic Irritant Contact Dermatitis,0
8.95,1126,4.52,19.6,Eczema / Skin Barrier Damage,0
4.23,143,4.24,31.8,Acidic Irritant Contact Dermatitis,0
8.85,910,15.1,34.4,Eczema / Skin Barrier Damage,0
5.32,707,5.14,30.4,Acidic Irritant Contact Dermatitis,0
10.23,312,17.91,34.9,Eczema / Skin Barrier Damage,0
6.39,1069,11.52,18.8,Bacterial / Fungal Infection Risk,0
6.13,223,7.08,38.8,Safe (No Skin Risk),0
4.97,1091,16.67,30.7,Acidic Irritant Contact Dermatitis,0
5.99,1182,9.92,18.4,Safe (No Skin Risk),0
9.7,332,18.24,27.5,Eczema / Skin Barrier Damage,0
10.48,216,18.57,37.8,Eczema / Skin Barrier Damage,0
6.39,97,3.39,39.2,Safe (No Skin Risk),0
6.92,347,0.15,22.1,Safe (No Skin Risk),1
8.69,1016,19.68,34.2,Eczema / Skin Barrier Damage,0
9.76,1168,18.13,17.7,Eczema / Skin Barrier Damage,0
7.85,739,1.2,15.9,Safe (No Skin Risk),0
6.54,122,16.68,30.1,Bacterial / Fungal Infection Risk,0
6.68,291,9.21,33.8,Safe (No Skin Risk),0
8.52,835,5.25,36.5,Eczema / Skin Barrier Damage,0
4.02,936,17.59,24.2,Acidic Irritant Contact Dermatitis,0
8.03,249,4.01,15.2,Safe (No Skin Risk),1
6.31,855,18.95,27.9,Bacterial / Fungal Infection Risk,0
9.16,648,4.19,15.4,Eczema / Skin Barrier Damage,0
4.6,486,12.31,17.5,Acidic Irritant Contact Dermatitis,0
7.82,499,4.54,23.8,Safe (No Skin Risk),1
7.13,1007,10.96,26.8,Bacterial / Fungal Infection Risk,0
8.18,511,13.71,22.5,Bacterial / Fungal Infection Risk,0
4.42,409,3.89,30.7,Acidic Irritant Contact Dermatitis,0
7.77,939,10.47,16.5,Bacterial / Fungal Infection Risk,0
7.65,962,9.43,18.9,Safe (No Skin Risk),0
7.64,176,1.51,33.8,Safe (No Skin Risk),1
7.92,406,16.38,18.8,Bacterial / Fungal Infection Risk,0
8.4,951,6.78,32.3,Severe Xerosis (Dry Skin Risk),0
9.23,223,11.53,16.5,Eczema / Skin Barrier Damage,0
5.75,511,10.34,26.0,Bacterial / Fungal Infection Risk,0
9.36,693,10.31,19.8,Eczema / Skin Barrier Damage,0
7.24,788,2.23,18.0,Safe (No Skin Risk),0
4.5,576,8.53,30.3,Acidic Irritant Contact Dermatitis,0
4.38,841,9.1,40.1,Acidic Irritant Contact Dermatitis,0
6.17,959,14.7,16.5,Bacterial / Fungal Infection Risk,0
9.1,549,16.82,26.4,Eczema / Skin Barrier Damage,0
8.6,669,10.95,34.1,Eczema / Skin Barrier Damage,0
9.13,1041,1.83,27.5,Eczema / Skin Barrier Damage,0
7.36,1136,4.81,36.8,Safe (No Skin Risk),0
6.86,955,3.38,19.9,Safe (No Skin Risk),0
4.96,1073,2.58,40.9,Acidic Irritant Contact Dermatitis,0
6.13,191,7.38,25.4,Safe (No Skin Risk),0
6.82,1068,4.66,24.2,Safe (No Skin Risk),0
4.58,503,4.44,38.6,Acidic Irritant Contact Dermatitis,0
5.43,1176,1.19,30.2,Acidic Irritant Contact Dermatitis,0
7.89,310,0.45,28.9,Safe (No Skin Risk),1
8.78,499,2.15,34.6,Eczema / Skin Barrier Damage,0
10.49,144,3.53,30.7,Eczema / Skin Barrier Damage,0
10.07,201,8.68,19.4,Eczema / Skin Barrier Damage,0
8.18,390,10.26,33.2,Pseudomonas Folliculitis (Hot Tub Rash),0
6.74,473,2.9,18.6,Safe (No Skin Risk),1
8.14,891,8.55,36.8,Severe Xerosis (Dry Skin Risk),0
9.11,179,6.9,41.7,Eczema / Skin Barrier Damage,0
4.77,1195,3.75,25.2,Acidic Irritant Contact Dermatitis,0
6.66,126,0.24,27.0,Safe (No Skin Risk),1
9.46,222,9.39,16.3,Eczema / Skin Barrier Damage,0
6.49,407,13.74,15.4,Bacterial / Fungal Infection Risk,0
7.72,168,4.6,39.9,Safe (No Skin Risk),1
7.82,709,2.72,18.5,Safe (No Skin Risk),0
5.2,188,17.75,27.0,Acidic Irritant Contact Dermatitis,0
6.35,1024,5.57,37.0,Safe (No Skin Risk),0
6.17,891,4.55,39.0,Safe (No Skin Risk),0
4.17,667,17.16,29.0,Acidic Irritant Contact Dermatitis,0
4.16,485,16.36,30.3,Acidic Irritant Contact Dermatitis,0
9.41,923,9.02,33.1,Eczema / Skin Barrier Damage,0
5.77,333,9.84,41.0,Safe (No Skin Risk),0
7.37,289,4.43,31.3,Safe (No Skin Risk),1
5.94,917,1.66,30.1,Safe (No Skin Risk),0
10.11,987,11.51,15.4,Eczema / Skin Barrier Damage,0
5.69,1014,2.06,17.2,Safe (No Skin Risk),0
6.79,1088,9.04,30.6,Safe (No Skin Risk),0
9.67,828,18.82,40.3,Eczema / Skin Barrier Damage,0
9.47,1023,19.06,38.4,Eczema / Skin Barrier Damage,0
5.21,928,4.86,41.5,Acidic Irritant Contact Dermatitis,0
9.22,929,12.52,29.3,Eczema / Skin Barrier Damage,0
6.98,109,9.53,36.3,Safe (No Skin Risk),0
7.14,664,17.53,37.7,Pseudomonas Folliculitis (Hot Tub Rash),0
4.87,914,5.5,32.5,Acidic Irritant Contact Dermatitis,0
4.52,1175,0.17,24.1,Acidic Irritant Contact Dermatitis,0
8.73,510,3.33,27.7,Eczema / Skin Barrier Damage,0
7.23,130,7.06,38.2,Safe (No Skin Risk),0
6.84,569,6.38,23.1,Safe (No Skin Risk),0
8.74,700,15.85,39.9,Eczema / Skin Barrier Damage,0
8.98,778,13.64,21.2,Eczema / Skin Barrier Damage,0
5.03,765,6.06,35.2,Acidic Irritant Contact Dermatitis,0
7.97,911,9.21,32.0,Safe (No Skin Risk),0
4.88,231,2.0,35.2,Acidic Irritant Contact Dermatitis,0
8.88,177,17.97,26.8,Eczema / Skin Barrier Damage,0
8.27,384,18.71,40.2,Pseudomonas Folliculitis (Hot Tub Rash),0
10.22,1048,19.6,32.1,Eczema / Skin Barrier Damage,0
4.45,542,17.38,22.8,Acidic Irritant Contact Dermatitis,0
4.37,242,3.56,32.2,Acidic Irritant Contact Dermatitis,0
5.83,612,1.02,22.7,Safe (No Skin Risk),0
